,Rank,Movie,Date,Total Sales,Sales Share,Cumulative Sales,Total Attendance,Cumulative Attendance,Screen Count,Show Count,Country,Production Country,Production Company,Distributor,Level,Director,Production Budgets,Success,actor1,actor2,actor3,genre1,genre2
0,1,서울의 봄,2023-11-22,127926589712,0.051,127926589712,13128020,13128020,2463,374531,한국,한국,(주)하이브미디어코프,플러스 엔터테인먼트,12세이상관람가,김성수,233.0,1.0,황정민,윤호림,이미라,드라마,
1,2,범죄도시2,2022-05-18,129317928648,0.052,131298796478,12510481,12693415,2521,353993,한국,한국,"주식회사 빅펀치픽쳐스,(주)홍필름,(주)비에이엔터테인먼트","주식회사 에이비오엔터테인먼트,플러스 엔터테인먼트",15세이상관람가,이상용,130.0,1.0,마동석,손석구,최귀화,범죄,액션
2,3,파묘,2024-02-22,115063079635,0.046,115063079635,11904253,11904253,2367,363781,한국,한국,(주)쇼박스,(주)쇼박스,15세이상관람가,장재현,140.0,1.0,최민식,김고은,유해진,미스터리,공포(호러)
3,4,아바타: 물의 길,2022-12-14,137647702899,0.055,137647702899,10805065,10805065,2809,283037,미국,미국,,월트디즈니컴퍼니코리아 유한책임회사,12세이상관람가,제임스 카메,3250.0,,조 샐다나,샘 워싱턴,시고니 위버,액션,어드벤처
4,5,범죄도시3,2023-05-31,104687737771,0.042,104687737771,10682813,10682813,2582,311915,한국,한국,"주식회사 빅펀치픽쳐스,(주)홍필름,(주)비에이엔터테인먼트","주식회사 에이비오엔터테인먼트,플러스 엔터테인먼트",15세이상관람가,이상용,135.0,1.0,정호진,마동석,황순명,범죄,액션
5,6,범죄도시4,2024-04-24,97788039662,0.039,97788039662,10240940,10240940,2980,293601,한국,한국,"주식회사 빅펀치픽쳐스,(주)홍필름,(주)비에이엔터테인먼트","주식회사 에이비오엔터테인먼트,플러스 엔터테인먼트",15세이상관람가,허명행,140.0,1.0,김무열,박지환,이동휘,액션,범죄
6,7,탑건: 매버릭,2022-06-22,88367558594,0.036,88367558594,8230591,8230591,1975,252939,미국,미국,,롯데컬처웍스(주)롯데엔터테인먼트,12세이상관람가,조셉 코신스키,2210.0,,톰 크루즈,마일즈 텔러,제니퍼 코넬리,액션,
7,8,한산: 용의 출현,2022-07-27,73711802377,0.03,73711802377,7266340,7266340,2223,217777,한국,한국,(주)빅스톤픽쳐스,롯데컬처웍스(주)롯데엔터테인먼트,12세이상관람가,김한민,312.0,1.0,박해일,이지영,김시국,액션,드라마
8,9,엘리멘탈,2023-06-14,71138423066,0.0289999999999999,71138423066,7240210,7240210,1664,247356,미국,미국,,월트디즈니컴퍼니코리아 유한책임회사,전체관람가,피터 손,2600.0,,,,,애니메이션,
9,10,공조2: 인터내셔,2022-09-07,70918411586,0.0279999999999999,70918411586,6983077,6983077,2389,275817,한국,한국,"(주)제이케이필름,(주)씨제이이엔",(주)씨제이이엔,15세이상관람가,이석훈,155.0,1.0,현빈,유해진,임윤아,액션,코미디
10,11,밀수,2023-07-26,49685303003,0.02,49685303003,5143261,5143261,1932,167670,한국,한국,(주)외유내강,(주)넥스트엔터테인먼트월드(NEW),15세이상관람가,류승완,175.0,1.0,김혜수,염정아,조인성,액션,
11,12,더 퍼스트 슬램덩크,2023-01-04,51004390222,0.02,51004390222,4877286,4877286,1060,237488,일본,일본,,(주)넥스트엔터테인먼트월드(NEW),12세이상관람가,이노우에 다케히코,200.0,,,,,애니메이션,
12,13,노량: 죽음의 바다,2023-12-20,45005458475,0.018,45005458475,4572978,4572978,2196,155686,한국,한국,(주)빅스톤픽쳐스,"롯데컬처웍스(주)롯데엔터테인먼트,(주)에이스메이커무비웍스",12세이상관람가,김한민,312.0,0.0,김윤석,백윤식,정재영,사극,액션
13,14,헌트,2022-08-10,44602463153,0.018,44602463153,4352513,4352513,1625,170966,한국,한국,"(주)아티스트스튜디오,(주)사나이픽처스",플러스 엔터테인먼트,15세이상관람가,이정재,250.0,0.0,장재혁,이상혁,오동훈,액션,드라마
14,15,가디언즈 오브 갤럭시: Volume 3,2023-05-03,44358441834,0.018,44358441834,4209250,4209250,1819,153745,미국,미국,,월트디즈니컴퍼니코리아 유한책임회사,12세이상관람가,제임스 건,3250.0,,크리스 프랫,조 샐다나,데이브 바티스타,액션,
15,16,미션 임파서블: 데드 레코닝 PART ONE,2023-07-12,40430706769,0.016,40430706769,4022291,4022291,2437,137978,미국,미국,파라마운트 픽쳐스,롯데컬처웍스(주)롯데엔터테인먼트,15세이상관람가,크리스토퍼 맥쿼리,2860.0,,톰 크루즈,헤일리 앳웰,빙 라메스,액션,스릴러
16,17,콘크리트 유토피아,2023-08-09,37412826232,0.015,37412826232,3849244,3849244,1731,150919,한국,한국,"클라이맥스 스튜디오(주),(주)비에이치 엔터테인먼트",롯데컬처웍스(주)롯데엔터테인먼트,15세이상관람가,엄태화,220.0,0.0,이병헌,박서준,박보영,드라마,기타
17,18,웡카,2024-01-31,33956553189,0.0139999999999999,33956553189,3531468,3531468,1753,152288,미국,미국,,워너브러더스 코리아(주),전체관람가,폴 킹,1625.0,,티모시 샬라메,칼라 레인,올리비아 콜맨,판타지,드라마
18,19,올빼미,2022-11-23,32860926124,0.013,32860926124,3329634,3329634,1541,149137,한국,한국,"(주)씨제스엔터테인먼트,(주)영화사 담담",(주)넥스트엔터테인먼트월드(NEW),15세이상관람가,안태진,90.0,1.0,류준열,유해진,최무성,스릴러,
19,20,영,2022-12-21,32302850750,0.013,32302850750,3275218,3275218,1314,133663,한국,한국,"(주)제이케이필름,(주)씨제이이엔",(주)씨제이이엔,12세이상관람가,윤제,140.0,1.0,정성화,김고은,나문희,드라마,뮤지컬
20,21,오펜하이머,2023-08-15,34444961856,0.0139999999999999,34444961856,3237793,3237793,1636,132298,미국,미국,,유니버설픽쳐스인터내셔널 코리아(유),15세이상관람가,크리스토퍼 놀란,1300.0,,킬리언 머피,에밀리 블런트,맷 데이먼,스릴러,드라마
21,22,쥬라기 월드: 도미니언,2022-06-01,29237071310,0.012,29237071310,2837410,2837410,2218,86427,미국,미국,,유니버설픽쳐스인터내셔널 코리아(유),12세이상관람가,콜린 트레보로우,2405.0,,크리스 프랫,브라이스 달라스 하워드,드완다 와이즈,액션,어드벤처
22,23,마녀(魔女) Part2. The Other One,2022-06-15,28922488670,0.012,28922488670,2806501,2806501,1796,94940,한국,한국,"(주)영화사 금월,(주)스튜디오앤뉴,(주)페퍼민트앤컴퍼니",(주)넥스트엔터테인먼트월드(NEW),15세이상관람가,박훈정,105.0,1.0,신시아,박은빈,서은수,액션,
23,24,토르: 러브 앤 썬더,2022-07-06,29505081721,0.012,29505081721,2716306,2716306,2143,107527,미국,미국,,월트디즈니컴퍼니코리아 유한책임회사,12세이상관람가,타이카 와이티티,3250.0,,크리스 헴스워스,나탈리 포트만,테사 톰슨,액션,어드벤처
24,25,슈퍼 마리오 브라더스,2023-04-26,23558835482,0.009,23558835482,2395519,2395519,1576,94685,미국,미국,,유니버설픽쳐스인터내셔널 코리아(유),전체관람가,,1300.0,,크리스 프랫,안야 테일러 조이,잭 블랙,애니메이션,어드벤처
25,26,미니언즈2,2022-07-20,21999556172,0.009,21999556172,2269024,2269024,1394,78960,미국,미국,,유니버설픽쳐스인터내셔널 코리아(유),전체관람가,카일 발다,1040.0,,피에르 꼬팽,스티브 카렐,타라지 P. 헨슨,애니메이션,어드벤처
26,27,30일,2023-10-03,21257631514,0.009,21257631514,2165508,2165508,1226,130510,한국,한국,(주)영화사울림,(주)마인드마크,12세이상관람가,남대중,80.0,1.0,강하늘,정소민,조민수,코미디,
27,28,블랙 팬서: 와칸다 포에버,2022-11-09,22206623699,0.009,22206623699,2105988,2105988,2571,121669,미국,미국,,월트디즈니컴퍼니코리아 유한책임회사,12세이상관람가,라이언 쿠글러,3250.0,,레티티아 라이트,루피타 뇽오,다네이 거라이라,액션,어드벤처
28,29,비상선언,2022-08-03,20927363328,0.008,20927363328,2058869,2058869,1734,73045,한국,한국,"(주)매그넘나인,(주)씨제스엔터테인먼트,씨네주 유한회사",(주)쇼박스,12세이상관람가,한재림,300.0,0.0,이미라,송강호,이병헌,드라마,
29,30,듄: 파트2,2024-02-28,23420116149,0.009,23420116149,1999469,1999469,1544,82746,미국,미국,,워너브러더스 코리아(주),12세이상관람가,드니 빌뇌브,2470.0,,티모시 샬라메, 데이아 콜먼,레베카 퍼거슨,액션,
30,31,육사오(6/45),2022-08-24,19793028880,0.008,19793028880,1981014,1981014,1339,105937,한국,한국,"(주)티피에스컴퍼니,(주)싸이더스","(주)홈초이스,(주)싸이더스",12세이상관람가,박규태,50.0,1.0,이학주,고경표,이이경,코미디,
31,32,존  4,2023-04-12,19956652129,0.008,19956652129,1924768,1924768,1535,89561,미국,미국,,(주)레드아이스 엔터테인먼트,청소년관람불가,채드 스타헬스키,1170.0,,키아누 리브스,로렌스 피쉬번,이안 맥쉐인,액션,
32,33,천박사 퇴마 연구소: 설경의 비밀,2023-09-27,18635492555,0.0069999999999999,18635492555,1916429,1916429,1511,98823,한국,한국,(주)외유내강,(주)씨제이이엔,12세이상관람가,김성식,113.0,0.0,강동원,허준호,이솜,판타지,액션
33,34,헤어질 결심,2022-06-29,19740856178,0.008,19740856178,1904147,1904147,1374,80670,한국,한국,모호필름,(주)씨제이이엔,15세이상관람가,박찬욱,130.0,0.0,박해일,탕웨이,이정현,미스터리,멜로/로맨스
34,35,분노의 질주: 라이드 오어 다이,2023-05-17,18474636210,0.0069999999999999,18474636210,1773483,1773483,1731,93156,미국,미국,,유니버설픽쳐스인터내셔널 코리아(유),15세이상관람가,루이스 리테리어,4420.0,,빈 디젤,제이슨 모모아,제이슨 스타뎀,액션,
35,36,쿵푸팬더4,2024-04-10,16455624250,0.0069999999999999,16455624250,1762061,1762061,2311,102691,미국,미국,,유니버설픽쳐스인터내셔널 코리아(유),전체관람가,"마이크 미첼,스테파니 스티네",1105.0,,잭 블랙,아콰피나,비올라 데이비스,애니메이션,액션
36,37,교섭,2023-01-18,17460908740,0.0069999999999999,17460908740,1721100,1721100,1289,92618,한국,한국,"(주)영화사수박,원테이크필름",플러스 엔터테인먼트,12세이상관람가,임순례,150.0,0.0,황정민,도기범,현빈,드라마,
37,38,시민덕희,2024-01-24,16119497097,0.006,16119497097,1707227,1707227,1281,96204,한국,한국,"(주)씨제스엔터테인먼트,페이지원필름(주)",(주)쇼박스,15세이상관람가,박영주,65.0,1.0,라미란,공명,염혜란,드라마,
38,39,앤트맨과 와스프: 퀀텀매니아,2023-02-15,16346738806,0.0069999999999999,16346738806,1551129,1551129,2090,104768,미국,미국,,월트디즈니컴퍼니코리아 유한책임회사,12세이상관람가,페이튼 리드,1690.0,,폴 러드,에반젤린 릴리,미셀 파이퍼,액션,
39,40,외계+인 1부,2022-07-20,16009890548,0.006,16009890548,1541020,1541020,1959,68420,한국,한국,(주)케이퍼필름,(주)씨제이이엔,12세이상관람가,최동훈,360.0,0.0,류준열,김우빈,김태리,액션,판타지
40,41,,2023-09-06,13894258933,0.006,13894258933,1470359,1470359,1231,103697,한국,한국,(주)루이스 픽쳐스,롯데컬처웍스(주)롯데엔터테인먼트,15세이상관람가,유재,50.0,1.0,정유미,이선균,김금순,미스터리,
41,42,외계+인 2부,2024-01-10,13792326337,0.006,13792326337,1430121,1430121,1390,97872,한국,한국,(주)케이퍼필름,(주)씨제이이엔,12세이상관람가,최동훈,340.0,0.0,류준열,김태리,김우빈,기타,
42,43,위시,2024-01-03,13390807253,0.005,13390807253,1404568,1404568,1421,88438,미국,미국,,월트디즈니컴퍼니코리아 유한책임회사,전체관람가,"크리스 벅,폰 비라선손",2600.0,,아리아나 데보스,크리스 파인,알란 터딕,애니메이션,
43,44,달짝지근해: 7510,2023-08-15,13445519901,0.005,13445519901,1388309,1388309,1032,86601,한국,한국,(주)무비락,(주)마인드마크,12세이상관람가,이한,65.0,1.0,유해진,김희선,차인표,코미디,
44,45,브로커,2022-06-08,12587208030,0.005,12587208030,1261258,1261258,1594,66210,한국,한국,영화사 집,(주)씨제이이엔,12세이상관람가,고레에다 히로카즈,90.0,0.0,송강호,강동원,배두나,드라마,
45,46,건국전쟁,2024-02-01,10902106514,0.004,10902106514,1173329,1173329,956,49138,한국,한국,다큐스토리,다큐스토리,12세이상관람가,김덕영,3.0,1.0,,,,다큐멘터리,
46,47,인생은 아름다워,2022-09-28,10905112019,0.004,10905112019,1172587,1172587,1285,106986,한국,한국,더램프(주),롯데컬처웍스(주)롯데엔터테인먼트,12세이상관람가,최국희,117.0,0.0,김동국,류승룡,염정아,뮤지컬,
47,48,드림,2023-04-26,10821044597,0.004,10821044597,1128375,1128375,1285,61737,한국,한국,"(주)옥토버시네마,(주)노브레이크필름",플러스 엔터테인먼트,12세이상관람가,이병헌,139.0,0.0,박서준,아이유,김종수,코미디,드라마
48,49,비공식작전,2023-08-02,10192841216,0.004,10192841216,1058745,1058745,1151,45083,한국,한국,"(주)와인드업필름,와이낫필름",(주)쇼박스,12세이상관람가,김성훈,200.0,0.0,하정우,주지훈,권은성,드라마,
49,50,1947 보스톤,2023-09-27,9466375798,0.004,9466375798,1027078,1027078,1282,63550,한국,한국,"(주)비에이엔터테인먼트,(주)빅픽쳐","롯데컬처웍스(주)롯데엔터테인먼트,(주)콘텐츠지오,주식회사 에이투지엔터테인먼트",12세이상관람가,강제규,210.0,0.0,하정우,임시완,배성우,드라마,
50,51,댓글부대,2024-03-27,9235306011,0.004,9235306011,972116,972116,1228,67650,한국,한국,(주)영화적순간,(주)에이스메이커무비웍스,15세이상관람가,안국진,70.0,0.0,손석구,김성철,김동휘,범죄,드라마
51,52,신차원! 짱구는 못말려 더 무비 초능력 대결전 ~날아라 수제김밥~,2023-12-22,9142532236,0.004,9142532236,945457,945457,883,39980,일본,일본,,(주)씨제이이엔,전체관람가,오네 히토시,90.0,,,,,애니메이션,
52,53,스파이더맨: 어크로스 더 유니버스,2023-06-21,9521750396,0.004,9521750396,923007,923007,1103,47346,미국,미국,,소니픽쳐스엔터테인먼트코리아주식회사극장배급지점,전체관람가,호아킴 도스 산토스,1300.0,,샤메익 무어,헤일리 스테인펠드,제이크 존슨,애니메이션,
53,54,데시벨,2022-11-16,8852632146,0.004,8852632146,901426,901426,1152,55355,한국,한국,"이스트드림시노펙스(주),(주)기억속의매미",(주)마인드마크,12세이상관람가,황인호,120.0,0.0,김래원,채시은,임병훈,액션,
54,55,정직한 후보2,2022-09-28,8447760162,0.003,8447760162,899899,899899,1318,77223,한국,한국,"(주)수필름,(주)홍필름",(주)넥스트엔터테인먼트월드(NEW),12세이상관람가,장유정,60.0,0.0,라미란,김무열,윤경호,코미디,
55,56,닥터 스트레인지: 대혼돈의 멀티버스,2022-05-04,9396809490,0.004,62648728870,896715,5884587,2276,59839,미국,미국,,월트디즈니컴퍼니코리아 유한책임회사,12세이상관람가,샘 레이미,3250.0,,베네딕트 컴버배치,엘리자베스 올슨,베네딕트 웡,액션,어드벤처
56,57,아쿠아맨과 로스트 킹덤,2023-12-20,8990202656,0.004,8990202656,878012,878012,965,36735,미국,미국,,워너브러더스 코리아(주),12세이상관람가,제임스 완,2730.0,,제이슨 모모아,패트릭 윌슨,야히아 압둘 마틴 2세,액션,어드벤처
57,58,인디아나 존스: 운명의 다이얼,2023-06-28,8504251466,0.003,8504251466,860470,860470,1268,46174,미국,미국,,월트디즈니컴퍼니코리아 유한책임회사,12세이상관람가,제임스 맨골드,3835.0,,해리슨 포드,안토니오 반데라스,존 라이스 데이비스,어드벤처,액션
58,59,극장판 짱구는 못말려: 수수께끼! 꽃피는 천하떡잎학교,2022-09-28,8371600924,0.003,8371600924,837755,837755,873,41975,일본,일본,,(주)씨제이이엔,전체관람가,타카하시 와타루,90.0,,,,,애니메이션,
59,60,장화신은 고양이: 끝내주는 모험,2023-01-04,7928562363,0.003,7928562363,836987,836987,924,43493,미국,미국,,유니버설픽쳐스인터내셔널 코리아(유),전체관람가,조엘 크로포드,1105.0,,안토니오 반데라스,셀마 헤이엑,올리비아 콜맨,애니메이션,
60,61,명탐정코난: 흑철의 어영,2023-07-20,7705318105,0.003,7705318105,801511,801511,1030,34473,일본,일본,,(주)씨제이이엔,12세이상관람가,타치카와 유즈루,180.0,,,,,애니메이션,
61,62,블랙 아담,2022-10-19,8040723608,0.003,8040723608,779485,779485,1524,77116,미국,미국,,워너브러더스 코리아(주),12세이상관람가,자움 콜렛 세라,3380.0,,드웨인 존슨,노아 센티네오,피어스 브로스넌,액션,어드벤처
62,63,트랜스포머: 비스트의 서막,2023-06-06,7786907316,0.003,7786907316,769993,769993,1123,45195,미국,미국,파라마운트 픽쳐스,롯데컬처웍스(주)롯데엔터테인먼트,12세이상관람가,스티븐 카플 주니어,2600.0,,안소니 라모스,피터 딘클리지,,액션,
63,64,대외비,2023-03-01,7469378721,0.003,7469378721,756355,756355,1157,53616,한국,한국,"(주)트윈필름,(주)비에이엔터테인먼트",플러스 엔터테인먼트,15세이상관람가,이원태,102.0,0.0,조진웅,이성민,김무열,범죄,드라마
64,65,자백,2022-10-26,7352559230,0.003,7352559230,738120,738120,1115,78568,한국,한국,리얼라이즈픽쳐스(주),롯데컬처웍스(주)롯데엔터테인먼트,15세이상관람가,윤종석,79.0,0.0,김도형,소지섭,김윤진,범죄,스릴러
65,66,극장판 짱구는 못말려: 동물소환 닌자 배꼽수비대,2023-05-04,7262598609,0.003,7262598609,732188,732188,844,28899,일본,일본,,(주)씨제이이엔,전체관람가,하시모 마사카즈,90.0,,,,,애니메이션,
66,67,프레디의 피자가게,2023-11-15,6960971006,0.003,6960971006,712361,712361,1041,35047,미국,미국,유니버설픽쳐스인터내셔널 코리아(유),유니버설픽쳐스인터내셔널 코리아(유),12세이상관람가,엠마 타미,260.0,,조쉬 허처슨,엘리자베스 라일,캣 코너 스털링,공포(호러),스릴러
67,68,리바운드,2023-04-05,6707546948,0.003,6707546948,699623,699623,1154,56700,한국,한국,"(주)비에이엔터테인먼트,워크하우스컴퍼니(주)",(주)바른손이앤에이,12세이상관람가,장항준,70.0,0.0,홍성우,나현우,김영훈,드라마,
68,69,더 마블스,2023-11-08,6841156465,0.003,6841156465,690814,690814,1532,66818,미국,미국,,월트디즈니컴퍼니코리아 유한책임회사,12세이상관람가,니아 다코스타,2860.0,,브리 라슨,테요나 패리스,이만 벨라니,액션,SF
69,70,귀공자,2023-06-21,6704211465,0.003,6704211465,682856,682856,966,44887,한국,한국,"(주)영화사 금월,(주)스튜디오앤뉴",(주)넥스트엔터테인먼트월드(NEW),청소년관람불가,박훈정,100.0,0.0,정예지,김선호,강태주,액션,
70,71,유령,2023-01-18,6760765879,0.003,6760765879,664146,664146,1099,46961,한국,한국,더램프(주),(주)씨제이이엔,15세이상관람가,이해영,137.0,0.0,설경구,이하늬,박소담,드라마,액션
71,72,인어공주,2023-05-24,6668613190,0.003,6668613190,647706,647706,1364,37592,미국,미국,,월트디즈니컴퍼니코리아 유한책임회사,전체관람가,롭 마샬,3250.0,,멜리사 맥카시,하비에르 바르뎀,아콰피나,뮤지컬,가족
72,73,플래시,2023-06-14,6735756989,0.003,6735756989,635269,635269,1258,43343,미국,미국,,워너브러더스 코리아(주),12세이상관람가,안드레스 무시에티,2860.0,,에즈라 밀러,마이클 키튼,,액션,
73,74,혹성탈출: 새로운 시대,2024-05-08,6220144130,0.002,6220144130,611969,611969,1184,32141,미국,미국,,월트디즈니컴퍼니코리아 유한책임회사,12세이상관람가,웨스 볼,2080.0,,오웬 티그,프레이아 앨런,케빈 두런드,액션,SF
74,75,압꾸정,2022-11-30,5727172661,0.002,5727172661,608639,608639,1229,47410,한국,한국,"주식회사 빅펀치픽쳐스,(주)홍필름,(주)비에이엔터테인먼트",(주)쇼박스,12세이상관람가,임진순,99.0,0.0,마동석,도희원,정경호,코미디,드라마
75,76,바비,2023-07-19,5760348243,0.002,5760348243,586371,586371,780,27733,미국,미국,,워너브러더스 코리아(주),12세이상관람가,그레타 거,1885.0,,마 로비,라이언 고슬링,아메리카 페레라,기타,
76,77,극장판 포켓몬스터DP: 기라티나와 하늘의 꽃다발 쉐이미,2022-06-01,5477045710,0.002,5477045710,581216,581216,809,14101,일본,일본,,(주)넥스트엔터테인먼트월드(NEW),전체관람가,유야마 쿠니히코,180.0,,마츠모 리카,오오타니 이쿠에,이선호,애니메이션,
77,78,"귀멸의 칼날: 상현집결, 그리 도공 마을로",2023-03-02,6586552900,0.003,6586552900,535969,535969,410,20955,일본,일본,,(주)디스테이션,15세이상관람가,소토자키 하루오,200.0,,하나에 나츠키,키 아카리,시모노 히로,애니메이션,
78,79,3일의 휴가,2023-12-06,4943474917,0.002,4943474917,527831,527831,863,32778,한국,한국,글뫼 주식회사,(주)쇼박스,12세이상관람가,육상효,20.0,1.0,김해숙,신민아,강기영,판타지,드라마
79,80,더 문,2023-08-02,5207712778,0.002,5207712778,516556,516556,1187,30181,한국,한국,"씨제이이엔 스튜디오스 주식회사,블라드스튜디오",(주)씨제이이엔,12세이상관람가,김용화,280.0,0.0,설경구,도경수,박병은,SF,액션
80,81,고질라 X 콩: 뉴 엠파이어,2024-03-27,5109928603,0.002,5109928603,510254,510254,995,37745,미국,미국,,워너브러더스 코리아(주),12세이상관람가,아담 윈가드,1755.0,,댄 스티븐스,레베카 홀,브라이언 타이리 헨리,액션,어드벤처
81,82,"귀멸의 칼날: 인연의 기적, 그리 합동 강화 훈련으로",2024-02-14,5625264900,0.002,5625264900,497320,497320,393,26054,일본,일본,,씨제이 씨지브이(CJ CGV)(주),15세이상관람가,소토자키 하루오,200.0,,,,,애니메이션,
82,83,명탐정 코난: 할로윈의 신부,2022-07-13,5160153224,0.002,5160153224,495842,495842,758,19672,일본,일본,,(주)씨제이이엔,12세이상관람가,미츠나카 스스무,180.0,,,,,애니메이션,
83,84,동감,2022-11-16,4755257700,0.002,4755257700,490145,490145,1013,37451,한국,한국,(주)고고스튜디오,씨제이 씨지브이(CJ CGV)(주),12세이상관람가,서은영,30.0,0.0,신기환,여진구,조이현,멜로/로맨스,
84,85,소년들,2023-11-01,4470423586,0.002,4470423586,471425,471425,1042,43356,한국,한국,"(주)아우라픽처스,(주)씨제이이엔",(주)씨제이이엔,15세이상관람가,정지영,100.0,0.0,설경구,유준상,진경,드라마,범죄
85,86,늑대사냥,2022-09-21,4769650393,0.002,4769650393,458720,458720,1226,39242,한국,한국,"(주)콘텐츠지,(주)영화사채움","TCO(주)더콘텐츠온,씨제이 씨지브이(CJ CGV)(주)",청소년관람불가,김홍,130.0,0.0,김세중,서인국,장동윤,액션,범죄
86,87,뽀로로 극장판 드래곤캐슬 대모험,2022-07-28,4215596775,0.002,4215596775,451136,451136,748,17949,한국,한국,(주)오콘,(주)넥스트엔터테인먼트월드(NEW),전체관람가,"강승훈,윤제완",20.0,1.0,이선,이미자,김현지,애니메이션,
87,88,신비아파트 극장판 차원도깨비와 7개의 세계,2022-12-14,4129728321,0.002,4129728321,432388,432388,686,17355,한국,한국,(주)씨제이이엔,(주)씨제이이엔,전체관람가,변영규,20.0,1.0,김영은,김채하,신용우,애니메이션,
88,89,타겟,2023-08-30,4003424694,0.002,4003424694,424916,424916,986,43332,한국,한국,(주)영화사피어나,플러스 엔터테인먼트,15세이상관람가,박희곤,45.0,0.0,신혜선,김성균,임성재,스릴러,
89,90,스위치,2023-01-04,4015064694,0.002,4015064694,422417,422417,912,37589,한국,한국,(주)하이브미디어코프,롯데컬처웍스(주)롯데엔터테인먼트,12세이상관람가,마대윤,48.0,0.0,권상우,오정세,이민정,기타,
90,91,놉,2022-08-17,4710335135,0.002,4710335135,416048,416048,1031,31747,미국,미국,,유니버설픽쳐스인터내셔널 코리아(유),12세이상관람가,조던 필,884.0,,다니엘 칼루야,키키 팰머,스티븐 연,미스터리,공포(호러)
91,92,서치 2,2023-02-22,4084323024,0.002,4084323024,414598,414598,868,36910,미국,미국,,소니픽쳐스엔터테인먼트코리아주식회사극장배급지점,12세이상관람가,"니콜라스 D 존슨,윌 메릭",91.0,,스톰 리드,켄 렁,다니엘 헤니,미스터리,스릴러
92,93,리멤버,2022-10-26,3970165717,0.002,3970165717,412836,412836,1189,51986,한국,한국,(주)영화사 월광,(주)에이스메이커무비웍스,15세이상관람가,이일형,50.0,0.0,이성민,남주혁,박근형,드라마,
93,94,트롤: 밴드 투게더,2023-12-20,3756959485,0.002,3756959485,407589,407589,845,15172,미국,미국,,유니버설픽쳐스인터내셔널 코리아(유),전체관람가,월트 도른,1235.0,,안나 켄드릭,저스틴 팀버레이크,주이 디샤넬,애니메이션,
94,95,인시디어스: 빨간 문,2023-07-19,4096944506,0.002,4096944506,401656,401656,758,18759,미국,미국,,소니픽쳐스엔터테인먼트코리아주식회사극장배급지점,15세이상관람가,패트릭 윌슨,208.0,,패트릭 윌슨,타이 심킨스,,공포(호러),
95,96,싱글 인 서울,2023-11-29,3748567012,0.002,3748567012,400651,400651,917,32604,한국,한국,"(주)디씨지플러스,(주)명필름,(주)인사이트필름",롯데컬처웍스(주)롯데엔터테인먼트,12세이상관람가,박범수,45.0,0.0,이동욱,임수정,이솜,멜로/로맨스,코미디
96,97,카운트,2023-02-22,3784714091,0.002,3784714091,398542,398542,946,37255,한국,한국,"(주)필름케이,(주)26컴퍼니",(주)씨제이이엔,12세이상관람가,권혁재,50.0,0.0,진선규,김지창,성유빈,드라마,
97,98,뽀로로 극장판 슈퍼스타 대모험,2023-12-13,3533478203,0.001,3533478203,387491,387491,850,18257,한국,한국,(주)오콘,씨제이 씨지브이(CJ CGV)(주),전체관람가,"윤제완,김성민",10.0,1.0,이선,이미자,함수정,애니메이션,
98,99,상견니,2023-01-25,3817249538,0.002,3817249538,384476,384476,699,34290,대만,대만,,"오드,리바이브콘텐 주식회사,씨제이 씨지브이(CJ CGV)(주)",15세이상관람가,황천인,30.0,,가가연,허광한,시백우,드라마,판타지
99,100,도그데이즈,2024-02-07,3574759608,0.001,3574759608,368095,368095,847,27553,한국,한국,(주)씨제이이엔,(주)씨제이이엔,12세이상관람가,김덕민,82.0,0.0,윤여정,유해진,김윤진,드라마,
100,101,더 넌 2,2023-09-27,3754295273,0.002,3754295273,360743,360743,720,20965,미국,미국,,워너브러더스 코리아(주),15세이상관람가,마이클 차베즈,507.0,,타이사 파미가,보니 아론스,조나스 블로켓,공포(호러),
101,102,탄생,2022-11-30,3189107816,0.001,3189107816,356229,356229,690,20954,한국,한국,"민영화사,가톨릭문화원 ALMA ART","씨제이 씨지브이(CJ CGV)(주),(주)레드아이스 엔터테인먼트",12세이상관람가,박흥식,150.0,0.0,윤시윤,안성기,윤경호,드라마,
102,103,인투 더 월드,2024-01-10,3170264916,0.001,3170264916,348438,348438,839,27036,미국,미국,,유니버설픽쳐스인터내셔널 코리아(유),전체관람가,벤자민 레너,936.0,,엘리자베스 뱅크스,캐롤 케인,아콰피나,애니메이션,
103,104,버즈 라이트이어,2022-06-15,3511804460,0.001,3511804460,344774,344774,844,21869,미국,미국,,월트디즈니컴퍼니코리아 유한책임회사,전체관람가,앵거스 맥클레인,2600.0,,크리스 에반스,타이카 와이티티,피터 손,애니메이션,액션
104,105,웅남이,2023-03-22,2868959071,0.001,2868959071,314241,314241,829,36060,한국,한국,(주)영화사김치,씨제이 씨지브이(CJ CGV)(주),15세이상관람가,박성광,40.0,0.0,박성웅,최민수,오달수,코미디,액션
105,106,거미집,2023-09-27,3003379576,0.001,3003379576,313686,313686,1058,27130,한국,한국,앤솔로지스튜디오(주),(주)바른손이앤에이,15세이상관람가,김지운,96.0,0.0,송강호,임수정,오정세,코미디,드라마
106,107,던전 앤 드래곤: 도적들의 명예,2023-03-29,2935281137,0.001,2935281137,293760,293760,1105,34065,미국,미국,,롯데컬처웍스(주)롯데엔터테인먼트,12세이상관람가,,1950.0,,크리스 파인,미셸 로드리게즈,레게-장 페이지,액션,어드벤처
107,108,극장판 스파이 패밀리 코드 : 화이트,2024-03-20,2817619648,0.001,2817619648,282742,282742,917,26051,일본,일본,,"(주)넥스트엔터테인먼트월드(NEW),(주)대교 미디어콘텐츠사업본부",12세이상관람가,카타기리 타카시,30.0,,에구치 타쿠야,타네자키 아츠미,하야미 사오리,애니메이션,
108,109,용감한 시민,2023-10-25,2448332472,0.001,2448332472,267371,267371,887,30454,한국,한국,"스튜디오엔(주),볼미디어(주)",(주)마인드마크,15세이상관람가,박진표,80.0,0.0,신혜선,이준영,박정우,액션,드라마
109,110,화란,2023-10-11,2515803090,0.001,2515803090,264050,264050,976,35554,한국,한국,(주)사나이픽처스,플러스 엔터테인먼트,15세이상관람가,김창훈,38.0,0.0,홍사빈,송중기,김형서,드라마,
110,111,크리에이터,2023-10-03,2775280272,0.001,2775280272,262823,262823,878,25149,미국,미국,,월트디즈니컴퍼니코리아 유한책임회사,12세이상관람가,가렛 에드워즈,1040.0,,존 데이비드 워싱턴,젬마 찬,,SF,액션
111,112,옥수역귀,2023-04-19,2744049700,0.001,2744049700,256520,256520,314,13683,한국,"한국,일본",(주)영화사조아,(주)스마일이엔티,15세이상관람가,정용기,30.0,0.0,김보라,서제광,김재현,공포(호러),미스터리
112,113,아임 히어로 더 파이널,2023-03-01,6059713000,0.002,6059713000,250702,250702,146,8897,한국,한국,씨제이포디플렉스 주식회사,"씨제이포디플렉스 주식회사,CGV ICECON",전체관람가,오윤동,3.0,1.0,임영,,,공연,다큐멘터리
113,114,DC 리그 오브 슈퍼-펫,2022-08-10,2322641159,0.001,2322641159,248798,248798,585,13069,미국,미국,,워너브러더스 코리아(주),전체관람가,"자레드 스턴,샘 레빈",1170.0,,드웨인 존슨,케빈 하트,키아누 리브스,애니메이션,액션
114,115,포켓 몬스터 DP: 아르세우스 초극의 시공으로,2009-12-24,2237957275,0.001,4479845275,242111,580119,587,10331,일본,일본,,"(주)넥스트엔터테인먼트월드(NEW),실버스푼",전체관람가,유야마 쿠니히코,180.0,,오오타니 이쿠에,,,애니메이션,어드벤처
115,116,데드맨,2024-02-07,2272468704,0.001,2272468704,238235,238235,800,19490,한국,한국,"(주)팔레트픽처스,(주)사람엔터테인먼트",플러스 엔터테인먼트,15세이상관람가,하준원,75.0,0.0,조진웅,김희애,이수경,범죄,
116,117,소울메이트,2023-03-15,2268860069,0.001,2268860069,234885,234885,749,28271,한국,한국,"클라이맥스 스튜디오(주),(주)앤드마크,(주)스튜디오앤뉴,(주)키이스트",(주)넥스트엔터테인먼트월드(NEW),12세이상관람가,민용근,45.0,0.0,김다미,전소니,변우석,드라마,
117,118,극장판 헬로카봇: 수상한 마술단의 비밀,2022-09-28,2160350817,0.001,2160350817,231236,231236,790,12769,한국,한국,"(주)초이락컨텐츠컴퍼니,스튜디오더블유바바(주)",롯데컬처웍스(주)롯데엔터테인먼트,전체관람가,"최신규,이슬기,정승원",10.0,1.0,이지현,조경이,김용준,애니메이션,
118,119,메간,2023-01-25,2331686898,0.001,2331686898,230874,230874,704,21067,미국,미국,,유니버설픽쳐스인터내셔널 코리아(유),15세이상관람가,제라드 존스톤,156.0,,앨리슨 윌리암스,바이올렛 맥그로우,,공포(호러),스릴러
119,120,아바타 리마스터링,2022-09-21,3895090540,0.002,3895090540,230712,230712,285,9881,미국,미국,,월트디즈니컴퍼니코리아 유한책임회사,12세이상관람가,제임스 카메,5200.0,,샘 워싱턴,조 샐다나,시고니 위버,SF,어드벤처
120,121,나폴레옹,2023-12-06,2261510673,0.001,2261510673,227978,227978,822,18114,미국,미국,,소니픽쳐스엔터테인먼트코리아주식회사극장배급지점,15세이상관람가,리들리 스콧,1690.0,,호아킨 피닉스,바네사 커비,,전쟁,드라마
121,122, 틀맨,2022-12-28,2117151503,0.001,2117151503,224718,224718,751,16008,한국,한국,"(주)트릭스터,주식회사 에이치앤드엔터테인먼트",플러스 엔터테인먼트,15세이상관람가,김경원,50.0,0.0,윤호림,정혜자,주지훈,범죄,
122,123,극장판 뽀로로와 친구들: 바이러스를 없애줘!,2022-12-01,1953049000,0.001,1953049000,216905,216905,380,9917,한국,한국,(주)오콘,(주)넥스트엔터테인먼트월드(NEW),전체관람가,박영,10.0,0.0,이선,이미자,김현지,애니메이션,
123,124,바빌,2023-02-01,2150176805,0.001,2150176805,213635,213635,852,21533,미국,미국,,롯데컬처웍스(주)롯데엔터테인먼트,청소년관람불가,데이미언 셔젤,1040.0,,브래드 피트,마 로비,디에 칼바,드라마,
124,125,스턴트맨,2024-05-01,2144864285,0.001,2144864285,210404,210404,801,16698,미국,미국,,유니버설픽쳐스인터내셔널 코리아(유),15세이상관람가,데이빗 레이치,1625.0,,라이언 고슬링,에밀리 블런트,애 테일러 존슨,액션,코미디
125,126,원피스 필름 레드,2022-11-30,2196993724,0.001,2196993724,206770,206770,550,15540,일본,일본,,(주)넥스트엔터테인먼트월드(NEW),12세이상관람가,타니구치 고로,200.0,,,,,애니메이션,
126,127,베니스 유령 살인사건,2023-09-13,2004013347,0.001,2004013347,205102,205102,876,27978,미국,미국,,월트디즈니컴퍼니코리아 유한책임회사,12세이상관람가,케네스 브래너,780.0,,케네스 브래너,양자경,제이미 도넌,범죄,미스터리
127,128,극장판 하이큐!! 쓰레기장의 결전,2024-05-15,2125043257,0.001,2125043257,203932,203932,1212,7523,일본,일본,,"(주)넥스트엔터테인먼트월드(NEW),씨제이 씨지브이(CJ CGV)(주)",전체관람가,미츠나카 스스무,30.0,,무라세 아유무,이시카와 카이토,카지 유우키,애니메이션,
128,129,브레드이발소: 셀럽 인 베이커리타운,2024-03-01,1721458580,0.001,1721458580,201130,201130,342,8109,한국,한국,㈜브레드이발소,롯데컬처웍스(주)롯데엔터테인먼트,전체관람가,정지환,10.0,0.0,엄상현,박윤희,강시현,애니메이션,
129,130,멍뭉이,2023-03-01,1832643386,0.001,1832643386,196529,196529,649,15443,한국,한국,"(주)와이웍스엔터테인먼트,(주)돈키호테엔터테인먼트",(주)키다리스튜디오,전체관람가,김주환,30.0,0.0,유연석,차태현,,드라마,
130,131,킬링 로맨스,2023-04-14,1833415642,0.001,1833415642,191650,191650,998,26101,한국,한국,"(주)영화사 이창,쇼트케이크(주)",롯데컬처웍스(주)롯데엔터테인먼트,15세이상관람가,이원석,76.0,0.0,이상진,이하늬,이선균,코미디,
131,132,헝거게임: 노래하는 새와 뱀의 발라드,2023-11-15,1811452126,0.001,1811452126,185507,185507,986,19755,미국,미국,,(주)누리픽쳐스,15세이상관람가,프란시스 로렌스,1300.0,,레이첼 지글러,톰 블라이스,헌터 샤퍼,액션,어드벤처
132,133,오멘: 저주의 시작,2024-04-03,1859296182,0.001,1859296182,180695,180695,644,16507,미국,미국,,월트디즈니컴퍼니코리아 유한책임회사,15세이상관람가,아르카샤 스티븐슨,390.0,,넬 타이거 프리,타우픽 바롬,소냐 브라가,공포(호러),
133,134,오펀: 천사의 탄생,2022-10-12,1808746476,0.001,1808746476,177880,177880,707,20180,미국,미국,,메가박스중앙(주),15세이상관람가,윌리엄 브렌트 벨,130.0,,이사벨 퍼만,줄리아 스타일즈,로지프 서덜랜드,공포(호러),스릴러
134,135,극장판 엄마 까투리: 도시로 간 까투리 가족,2022-09-08,1609124999,0.001,1609124999,173896,173896,616,9459,한국,한국,(주)퍼니플럭스,(주)넥스트엔터테인먼트월드(NEW),전체관람가,정길훈,10.0,0.0,김서영,이윤희,김은아,애니메이션,
135,136,퍼피 구조대: 더 마이티 무비,2023-10-06,1566183076,0.001,1566183076,172545,172545,566,9675,미국,미국,파라마운트 픽쳐스,롯데컬처웍스(주)롯데엔터테인먼트,전체관람가,캘런 브런커,2.6,,정선혜,박지윤,신용우,애니메이션,어드벤처
136,137,플라워 킬링 문,2023-10-19,1588789082,0.001,1588789082,167914,167914,719,14605,미국,미국,,롯데컬처웍스(주)롯데엔터테인먼트,청소년관람불가,마틴 스코세이지,2600.0,,레오나르도 디카프리오,로버트 드 니로,,범죄,드라마
137,138,가문의 영광: 리턴즈,2023-09-21,1608459160,0.001,1608459160,167878,167878,823,20003,한국,한국,(주)태원엔터테인먼트,(주)넥스트엔터테인먼트월드(NEW),15세이상관람가,"정태원,정용기",40.0,0.0,윤현민,유라,김수미,코미디,
138,139,마루이 비디오,2023-02-22,1705521500,0.001,1705521500,165892,165892,284,8962,한국,한국,"(주)발포플랜,(주)브라더픽처스","씨제이 씨지브이(CJ CGV)(주),(주)케이티알파",15세이상관람가,윤준형,30.0,0.0,서현우,조민경,임한성,미스터리,공포(호러)
139,140,"포켓몬스터: 성도지방 이야기, 최종장",2024-05-01,1360143962,0.001,1360143962,154409,154409,710,9212,일본,일본,,롯데컬처웍스(주)롯데엔터테인먼트,전체관람가,유야마 쿠니히코,150.0,,,,,애니메이션,
140,141,그녀가 죽었다,2024-05-15,1406190761,0.001,1406190761,148831,148831,898,6409,한국,한국,엔진 필름,"(주)콘텐츠지오,(주)아티스트스튜디오,(주)무빙픽쳐스컴퍼니",15세이상관람가,김세휘,70.0,0.0,변요한,신혜선,이엘,미스터리,스릴러
141,142,불릿 트레인,2022-08-24,1554615073,0.001,1554615073,143620,143620,904,19957,미국,미국,,소니픽쳐스엔터테인먼트코리아주식회사극장배급지점,청소년관람불가,데이빗 레이치,1116.7,,브래드 피트,조이 킹,애 테일러 존슨,액션,
142,143,눈의 여왕5: 스노우 프린세스와 미러랜드의 비밀,2022-12-22,1301016791,0.001,1301016791,141354,141354,626,6835,기타,기타,,메가박스중앙(주),전체관람가,알렉세이 트시칠린,20.0,,,,,애니메이션,
143,144,극장판 엉덩이 탐정: 미스터리 가면 ~최강의 대결,2023-09-28,1278771994,0.001,1278771994,141025,141025,601,8252,일본,일본,,(주)넥스트엔터테인먼트월드(NEW),전체관람가,,10.0,,,,,애니메이션,
144,145,아가일,2024-02-07,1442627957,0.001,1442627957,140533,140533,841,15934,미국,미국,,유니버설픽쳐스인터내셔널 코리아(유),12세이상관람가,매튜 본,2600.0,,헨리 카빌,브라이스 달라스 하워드,샘 록웰,액션,코미디
145,146,극장판 슈퍼윙스: 맥시멈 스피드,2023-07-20,1192070958,0.0,1192070958,135976,135976,407,6202,한국,한국,(주)퍼니플럭스,(주)넥스트엔터테인먼트월드(NEW),전체관람가,정길훈,20.0,0.0,문남숙,장은숙,최보배,애니메이션,
146,147,보호자,2023-08-15,1238963700,0.0,1238963700,128534,128534,685,11004,한국,한국,(주)영화사테이크,(주)에이스메이커무비웍스,15세이상관람가,정우성,80.0,0.0,정우성,김남길,김준한,액션,드라마
147,148,패스트 라이브즈,2024-03-06,1176859399,0.0,1176859399,126402,126402,613,15739,미국,미국,,(주)씨제이이엔,12세이상관람가,셀린 송,65.0,,그레타 리,유태오,존 마가로,드라마,
148,149,두다다쿵: 후후섬의 비밀,2023-02-15,1136395650,0.0,1136395650,125978,125978,514,8549,한국,한국,아이스크림 스튜디오(주),(주)넥스트엔터테인먼트월드(NEW),전체관람가,"최병선,김지윤",10.0,0.0,,,,애니메이션,
149,150,메가로돈 2,2023-08-15,1314843169,0.001,1314843169,125935,125935,415,7812,미국,미국,,워너브러더스 코리아(주),12세이상관람가,벤 휘틀리,1677.0,,제이슨 스타뎀,오경,,액션,
150,151,너의 이름은.,2017-01-04,1226263445,0.0,31845678991,121918,3914563,101,4838,일본,일본,,플러스 엔터테인먼트,12세이상관람가,신카이 마코,37.0,,카미키 류노스케,카미시라이시 모네,나가사와 마사미,애니메이션,드라마
151,152,그란 투리스모,2023-09-20,1200410739,0.0,1200410739,120125,120125,883,17744,미국,미국,,소니픽쳐스엔터테인먼트코리아주식회사극장배급지점,12세이상관람가,,780.0,,,,,액션,
152,153,말하 싶은 비밀,2023-12-13,1121475015,0.0,1121475015,118928,118928,401,7788,일본,일본,,"(주)바이포엠스튜디오,홀리가",전체관람가,,30.0,,사쿠라다 히요리,,,멜로/로맨스,
153,154,스트레인지 월드,2022-11-23,968821831,0.0,968821831,112910,112910,699,8463,미국,미국,,월트디즈니컴퍼니코리아 유한책임회사,전체관람가,"돈 홀,퀴 응우옌",1560.0,,제이크 질렌할,데니스 퀘이드,자부키 영-화이트,애니메이션,
154,155,에브리씽 에브리웨어 올 앳 원스+,2023-03-01,1141910984,0.0,1141910984,111591,111591,234,8676,미국,미국,,워터홀컴퍼니(주),15세이상관람가,"다니엘 콴,다니엘 쉐이너트",185.9,,양자경,스테파니 수,키 호이 콴,액션,코미디
155,156,캐리와 슈퍼콜라,2023-01-18,1028263819,0.0,1028263819,111366,111366,474,6708,한국,한국,(주)캐리소프트,롯데컬처웍스(주)롯데엔터테인먼트,전체관람가,"오성윤,이춘백",10.0,0.0,최정윤,엄상현,이다은,애니메이션,
156,157,에어,2023-04-05,1063344581,0.0,1063344581,110310,110310,656,16487,미국,미국,,워너브러더스 코리아(주),15세이상관람가,벤 애플렉,910.0,,맷 데이먼,벤 애플렉,제이슨 베이트먼,드라마,
157,158,가필드 더 무비,2024-05-15,985693556,0.0,985693556,109442,109442,852,3294,미국,미국,,소니픽쳐스엔터테인먼트코리아주식회사극장배급지점,전체관람가,마크 딘달,780.0,,크리스 프랫,사무엘 L. 잭슨,니콜라스 홀트,애니메이션,
158,159,블랙폰,2022-09-07,1085449042,0.0,1085449042,107715,107715,495,10809,미국,미국,,유니버설픽쳐스인터내셔널 코리아(유),15세이상관람가,스콧 데릭슨,221.0,,에단 호크,메이슨 테임즈,매들린 맥그로,공포(호러),
159,160,스마일,2022-10-06,1124306658,0.0,1124306658,105651,105651,455,7659,미국,미국,,롯데컬처웍스(주)롯데엔터테인먼트,청소년관람불가,파커 핀,221.0,,소지 베이컨,제시 어셔,카일 갈너,미스터리,공포(호러)
160,161,뉴 노멀,2023-11-08,987958873,0.0,987958873,103037,103037,546,10934,한국,한국,언파스튜디오,(주)바이포엠스튜디오,15세이상관람가,정범식,38.0,0.0,최지우,이유미,최민호,스릴러,드라마
161,162,비키퍼,2024-04-03,962290905,0.0,962290905,102969,102969,713,13022,미국,미국,,(주)바른손이앤에이,청소년관람불가,데이비드 에이어,520.0,,제이슨 스타뎀,조쉬 허처슨,제레미 아이언스,액션,스릴러
162,163,엘비스,2022-07-13,1098745318,0.0,1098745318,101522,101522,665,10094,미국,미국,,워너브러더스 코리아(주),15세이상관람가,바즈 루어만,1105.0,,오스틴 버틀러,톰 행크스,올리비아 데,드라마,
