Rank,Movie,Date,Total Sales,Sales Share,Cumulative Sales,Total Attendance,Cumulative Attendance,Screen Count,Show Count,Country,Production Country,Production Company,Distributor,Level,Genre,Director,Actor
1,극한직,2019-01-23,139640669516,0.039,139640669516,16263525,16263525,2003,292556,한국,한국,"(주)어바웃잇,영화사 해그림 주식회사,(주)씨제이이엔",(주)씨제이이엔,15세이상관람가,코미디,이병헌,"류승룡,이하늬,진선규,이동휘,공명,양현민,장진희,한준우,김명준,나철,정재광,정원창,김강현,김지영,오정세,이중옥,홍완표,고봉구,권지훈,권태호,김가빈,박재홍,서호철,김남우,박진아,송영규,안성봉,신하균,심철민,김병호,류제윤,김성우,이정수,김의성,김종수,고경진,고관형,이광기,지찬,구성환,이도용,천준호,정성훈,이하늬,이한종,임세운,한동희,임정묵,이범찬,이운산,김천,조주한,조현숙,이유진,정우영,신신애,윤설,정윤회,박도영,정재광,최광원,이두일,김윤배,최신득,이왕수,이육현,박정표,정인기,배정선,장지웅,임유란,엄지혜,오민준,태원석,장격수,편광진,하철,변봉식,홍승진,홍은진,허준석"
2,신과함께-죄와 벌,2017-12-20,115706080137,0.032,115706080137,14411502,14411502,1912,213262,한국,한국,"리얼라이즈픽쳐스(주),(주)덱스터스튜디오",롯데쇼핑㈜롯데엔터테인먼트,12세이상관람가,"판타지,드라마",김용화,"하정우,차태현,주지훈,김향기,김동욱,오달수,임원희,도경수,이준혁,예수정,장광,정해균,김수안,정지훈,마동석,이정재,김해숙,이경영,김하늘,김민종,최용훈,강소백,정수윤,이수봉,이승준,이지향,김태준,김기태,성유빈,오희준,유수빈,윤지온,임철수,나철,강길우,홍인,정순원,김그림,박윤호,양지수,김지나,윤승훈"
3,어벤져스: 엔드게임,2019-04-24,122092503670,0.034,122092503670,13924001,13924001,2835,241645,미국,미국,,월트디즈니컴퍼니코리아 유한책임회사,12세이상관람가,"액션,SF","안소니 루소,조 루소","로버트 다우니 주니어,크리스 에반스,마크 러팔로,크리스 헴스워스,스칼렛 요한슨,제레미 레너,돈 치들,폴 러드,브리 라슨,카렌 길런,브래들리 쿠퍼,조슈 브롤린"
4,신과함께-인과 연,2018-08-01,102676333909,0.0289999999999999,102676333909,12276115,12276115,2235,179986,한국,한국,"리얼라이즈픽쳐스(주),(주)덱스터스튜디오",롯데컬처웍스(주)롯데엔터테인먼트,12세이상관람가,"판타지,드라마",김용화,"하정우,주지훈,김향기,마동석,김동욱,도경수,이준혁,정지훈,김동욱,조한철,장광,이정재,김민종,김기태,오희준,이수봉,이용희,이우주,이우주,이준혁,이지향,이지향,이지혜,김지안,김철구,김태준,안용우,김학충,노남석,장재욱,전종석,박지선,박찬영,정진영,권훈,권수정,김대근,김대현,김민석,안지호,강민,임철수,민무제,강신철,홍기준,정아미,홍인,류제승,최현종,김그림,양지수,강재은,전승재,정진영"
5,택시운전사,2017-08-02,95842642649,0.027,95869480649,12185107,12189325,1906,184134,한국,한국,더램프(주),(주)쇼박스,15세이상관람가,드라마,장훈,"이수민,송강호,토마스 크레취만,유해진,류준열,박혁권,최귀화,이창섭,이호균,송병철,안용우,오석규,윤석진,이새별,이성호,이정은,이주영,황민형,김신웅,김진상,김화목,차순배,김대현,서현우,이봉련,홍완표,문광식,류성현,백인권,허정도,손경원,한사명,한이진,송지언"
6,어벤져스: 인피니티 워,2018-04-25,99926399769,0.0279999999999999,99926399769,11212710,11212710,2553,240501,미국,미국,,월트디즈니컴퍼니코리아 유한책임회사,12세이상관람가,"액션,어드벤처,판타지,SF","안소니 루소,조 루소","로버트 다우니 주니어,조슈 브롤린,마크 러팔로,톰 히들스턴,크리스 에반스,크리스 헴스워스,제레미 레너,스칼렛 요한슨,엘리자베스 올슨,안소니 마키,폴 러드,기네스 팰트로우,폴 베타니,돈 치들,베네딕트 컴버배치,톰 홀랜드,크리스 프랫,조 샐다나,카렌 길런,브래들리 쿠퍼,빈 디젤,데이브 바티스타,세바스찬 스탠,채드 보스만,코비 스멀더스,베니치오 델 토로,피터 딘클리지,사무엘 L. 잭슨,다네이 거라이라,베네딕트 웡"
7,보헤미안 랩소디,2018-10-31,86280975785,0.024,86280975785,9948386,9948386,1179,232226,미국,미국,,"월트디즈니컴퍼니코리아 유한책임회사,이십세기폭스코리아(주)",12세이상관람가,드라마,브라이언 싱어,"라미 말렉,조셉 마젤로,마이크 마이어스,루시 보인턴"
8,기생충,2019-05-30,84109314605,0.023,84109314605,9857043,9857043,1948,185263,한국,한국,(주)바른손이앤에이,(주)씨제이이엔,15세이상관람가,드라마,봉준호,"송강호,이선균,조여정,최우식,박소담,이정은,장혜진,박명훈,현승민,정현준,윤혜리,박근록,이시훈,김규백,설민,박가빈,정이서,조재명,정익한,안진상,이루아,김하언,하윤희,이도운,오별하,유인,유채련,정일화,지혜영,지연,최정연,서복현,심수미,장지우,한미자,주수지,강현규,고관재,박서준,곽신애,류영훈,문상근,김건,박재완,서한결,서희영,손지영,박혜숙,백동현,신승민,백승환,안성봉,염재민,오상준,오상준,김성수,김세인,윤영우,정재훈,김이슬,이종현,이주형,제승현,김혜련,김정우,이지혜,황인경,이덕형,이시은,김영조,이도용,김보령,김용각,정세현,이옥희,이상경,정아름,이은희,이인경,박미애,김진형,이시후,박재욱,양선영,장예원,최정현,김성준,최지원,김향배,채하니"
9,알라딘,2019-05-23,81226163459,0.023,81226163459,9537720,9537720,1409,193323,미국,미국,,월트디즈니컴퍼니코리아 유한책임회사,전체관람가,"어드벤처,가족,판타지",가이 리치,"메나 마수드,윌 스미스,나오미 스콧"
10,1987,2017-12-27,58169776145,0.016,58169776145,7232387,7232387,1299,138226,한국,한국,(주)우정필름,(주)씨제이이엔,15세이상관람가,드라마,장준환,"안대겸,최미금,김윤석,남현우,하정우,유해진,김태리,박희순,이희준,설경구,여진구,윤재국,지웅배,정재윤,이가영,이동욱,이동희,이상준,이태형,최광일,강동원,문소리,문성근,김원진,남민우,이주영,임병우,김시은,김기태,정재윤,황성준,서현우,조민준,박지환,박명신,김푸름,이화룡,이창훈,이신성,김수진,박경혜,김국희,황정민,한준우,정승길,현봉식,강신철,한성천,나철,김승훈,정인기,양조아,최교식,이상희,김경덕,최현종,정순원,이하영,유정호,곽진석,박혁민,염석무,이범규,조윤담,이청빈,김병국"
11,범죄도시,2017-10-03,56322153349,0.016,56322153349,6880546,6880546,1315,149389,한국,한국,"(주)홍필름,(주)비에이엔터테인먼트","플러스 엔터테인먼트,(주)키위미디어그룹",청소년관람불가,"범죄,액션",강윤성,"마동석,윤계상,조재윤,최귀화,박상규,유지연,최성재,이경원,이태규,진선규,허동원,김성규,박지환,오민애,허성태,이성우,민무제,한성천,홍기준,배진웅,정인기,서문호,윤주,박기륭,정인겸,하준,김용호"
12,군함도,2017-07-26,50507675168,0.0139999999999999,50510565168,6591737,6592151,2027,108774,한국,한국,"(주)외유내강,(주)필름케이",(주)씨제이이엔,15세이상관람가,"액션,드라마",류승완,"황정민,김규백,소지섭,명인호,송중기,양동원,이정현,김수안,지웅배,손용범,박선,박선주,박영준,박정민,박준서,박준서,박혜민,성정훈,오정현,오형근,전창현,정규호,정부용,지재우,이다영,이동준,이상협,이선민,이세형,이윤,최호영,이재민,이정민,이정은,이정현,이제훈,허승준,이준희,이지은,이지환,이태영,이하은,이하준,이경영,장성범,백승철,김준한,김고은,박성일,설준수,조경현,여윤호,이준혁,신희철,김동영,이정현,전배수,윤경호,강덕중,김정원,이문석,정병두,김예은,김인우,정만식,정태야,추연규,한윤식,박상호,장우용"
13,미션 임파서블: 폴아웃,2018-07-25,55888375112,0.016,55888375112,6584915,6584915,1957,101374,미국,미국,파라마운트 픽쳐스,롯데컬처웍스(주)롯데엔터테인먼트,15세이상관람가,"액션,스릴러",크리스토퍼 맥쿼리,"톰 크루즈,레베카 퍼거슨,바네사 커비,미셸 모나한,헨리 카빌,안젤라 바셋,사이먼 페그,알렉 볼드윈"
14,캡틴 마블,2019-03-06,51491272223,0.0139999999999999,51491272223,5801069,5801069,2100,185978,미국,미국,,월트디즈니컴퍼니코리아 유한책임회사,12세이상관람가,"액션,어드벤처,SF","애너 보든,라이언 플렉","브리 라슨,사무엘 L. 잭슨,벤 멘델슨,주드 로"
15,쥬라기 월드: 폴른 킹덤,2018-06-06,49770711037,0.0139999999999999,49770711037,5661128,5661128,1972,144779,미국,미국,,유니버설픽쳐스인터내셔널 코리아(유),12세이상관람가,"액션,어드벤처,SF",후안 안토니오 바요나,"크리스 프랫,브라이스 달라스 하워드,제프 골드블럼,저스티스 스미스,토비 존스,B.D. 웡,테드 레빈,제임스 크롬웰,라프 스팰,제랄딘 채플린,마이클 파파존,카밀 레미에쉐브스키,다니엘라 피네다,로버트 엠스"
16,청년경찰,2017-08-09,44382020516,0.012,44382020516,5653444,5653444,1102,118547,한국,한국,"(주)무비락,(주)도서관옆스튜디오,베리굿스튜디오(주)",롯데쇼핑㈜롯데엔터테인먼트,15세이상관람가,액션,김주환,"박서준,강하늘,박승호,성동일,한도진,박하선,정다은,권현우,류우석,김규백,이하준,이현일,임대현,박정훈,장석진,서은지,서정우,서지원,신정화,조윤주,우상기,이강재,이다영,최광원,최지민,이도현,이상민,이세희,이수진,한재욱,이은비,이재웅,이정수,이주원,서정연,고준,전준영,이호정,배유람,이승희,류경수,정원중,이수인,김강현,최홍일,정동훈,안성봉,양현진,서도빈,지찬,이규성,변우석,박재홍,태윤,오유진"
17,앤트맨과 와스프,2018-07-04,47468053685,0.013,47468053685,5448134,5448134,1775,148244,미국,미국,,월트디즈니컴퍼니코리아 유한책임회사,12세이상관람가,"액션,어드벤처,SF",페이튼 리드,"폴 러드,에반젤린 릴리,마이클 더글라스,미셀 파이퍼,로렌스 피쉬번,해나 존-케이먼,마이클 페나,월튼 고긴스"
18,안시성,2018-09-19,46342006026,0.013,46342006026,5441020,5441020,1540,110444,한국,한국,"(주)영화사수작,(주)스튜디오앤뉴,모티브픽쳐스(주)",(주)넥스트엔터테인먼트월드(NEW),12세이상관람가,"사극,액션",김광식,"이태진,조인성,신현숙,남주혁,박성웅,차영주,김경희,배성우,엄태구,설현,박병은,오대환,성동일,정은채,유오성,김미지,여윤호,박인수,이승일,이현,이경재,이낙준,이동민,이상혁,이상호,이성욱,이세민,이승석,배유리,이승환,배준수,이원재,이은희,이은희,이인규,이정민,김종호,이준우,이진용,이태진,이호준,임동영,임상현,김현우,김현창,나대한,오진석,유병주,윤정열,문창준,박경관,임용순,박세준,정미경,정지훈,김한솔,정태영,조석현,조형래,조혜인,조혜인,김욱,김대현,김동민,김동진,김명준,김민혁,최희열,한명환,한아름,한정환,김이현,김원중,김세홍,강희중,주석태,손영순,장광,옥자연,여이레,정인겸,신유람,박태산,정태야,황재필,이람,정현국,오일용,이정선,이민혁,문창완,장이준,스테파니 리"
19,블랙 팬서,2018-02-14,45885729957,0.013,45885729957,5399327,5399327,1620,119180,미국,미국,,월트디즈니컴퍼니코리아 유한책임회사,12세이상관람가,"액션,드라마,SF",라이언 쿠글러,"채드 보스만,마이클 B. 조던,루피타 뇽오,다네이 거라이라,마틴 프리먼,안젤라 바셋,포레스트 휘테커,앤디 서키스,레티티아 라이트,다니엘 칼루야,윈스턴 듀크"
20,스파이더맨: 파 프롬 홈,2019-07-02,46160184110,0.013,46160184110,5383152,5383152,2142,102094,미국,미국,,소니픽쳐스엔터테인먼트코리아주식회사극장배급지점,12세이상관람가,"액션,어드벤처,코미디,SF",존 왓,"톰 홀랜드,사무엘 L. 잭슨, 데이아 콜먼,코비 스멀더스,존 파브로,마리사 토메이,제이크 질렌할,제이콥 배덜런"
21,완벽한 타인,2018-10-31,44356976474,0.012,44356976474,5294154,5294154,1325,143074,한국,한국,"(주)필름몬스터,드라마하우스(주)",롯데컬처웍스(주)롯데엔터테인먼트,15세이상관람가,"드라마,코미디",이재규,"유해진,조진웅,이서진,염정아,김지수,송하윤,윤경호,지우,정민규,정지훈,조용진,최유화,조달환"
22,독전,2018-05-22,43486831113,0.012,43486831113,5063844,5063844,1532,140008,한국,한국,"(주)용필름,보야저필름",(주)넥스트엔터테인먼트월드(NEW),15세이상관람가,"범죄,액션",이해영,"조진웅,류준열,김주혁,김성령,박해준,차승원,이주영,김태준,서현우,이경제,이민호,김재훈,백승환,이정철,이정호,김준형,이주영,이지민,안성봉,김태준,김태현,오현석,박성연,박예진,박은영,박정진,박종범,정여진,박진수,최성철,김대근,황기석,김양수,김선우,강승현,강지현,김누리,김동영,진서연,정가람,김동영,금새록,정준원,서문호,이육헌,윤재인,정종우,추연규"
23,아쿠아맨,2018-12-19,44113456704,0.012,44113456704,5038134,5038134,1285,105004,미국,"미국,호주",,워너브러더스 코리아(주),12세이상관람가,액션,제임스 완,"제이슨 모모아,앰버 허드,니콜 키드먼,패트릭 윌슨,윌렘 데포,돌프 룬드그렌"
24,공작,2018-08-08,42793532816,0.012,42793532816,4975194,4975194,1317,99118,한국,한국,"(주)영화사 월광,(주)사나이픽처스",(주)씨제이이엔,12세이상관람가,드라마,윤종빈,"황정민,이성민,조진웅,주지훈,김대현,이경호,이기용,이동희,이상원,이상현,박현민,김재희,이승찬,이승환,이승훈,이은영,김정현,이재우,이재혁,김정호,김종수,김지나,서주연,손승훈,이창석,이창훈,이희경,김지혜,김지홍,김진영,김현중,김형기,김형우,정재헌,박진영,강주석,정혜경,조현수,강민지,김다솜,김대현,김미혜,최운진,최지현,최희열,김소진,김수연,김은아,김승희,김영진,김영훈,김용석,김우영,김우현,주해은,한창현,양현민,정기섭,민무제,한성천,금새록,김응수,최병모,손성찬,홍기준,정소리,김규백,김규남,최정인,박경찬,곽자형,강덕중,류성현,감승민,김현,윤재인,권범택,설창희,김인우,양지수,곽진석,박혁민,염석무,엄지만,정종우,김도율,권유진,김종태,박진수,박혜영,곽민석,임정민"
25,킹스맨: 골 서클,2017-09-27,40987484736,0.011,40987484736,4945484,4945484,1687,95922,미국,"미국,영국",,이십세기폭스코리아(주),청소년관람불가,"액션,어드벤처,코미디",매튜 본,"콜린 퍼스,줄리안 무어,태런 에저튼,마크 스트롱,할리 베리,엘튼 존,채닝 테이텀,제프 브리지스"
26,토르: 라그나로크,2017-10-25,39261266595,0.011,39261266595,4858572,4858572,1640,137496,미국,미국,,월트디즈니컴퍼니코리아 유한책임회사,12세이상관람가,"액션,어드벤처,판타지,SF",타이카 와이티티,"크리스 헴스워스,톰 히들스턴,케이트 블란쳇,이드리스 엘바,제프 골드블럼,테사 톰슨,칼 어번,마크 러팔로,안소니 홉킨스"
27,강철비,2017-12-14,35490346466,0.01,35490346466,4452850,4452850,1426,80359,한국,한국,"(주)와이웍스엔터테인먼트,(주)브이에이스튜디오",(주)넥스트엔터테인먼트월드(NEW),15세이상관람가,"액션,드라마",양우석,"정우성,곽도원,김갑수,김의성,이경영,조우진,정원중,김명곤,박은혜,김지호,안미나,원진아,정유나,이상민,이정호,정환,한승헌,박민희,한창현,이양희,현봉식,손성찬,이지원,강덕중,최현종,권범택,천재홍,정종우"
28,꾼,2017-11-22,31313568795,0.009,31313568795,4018341,4018341,1314,117419,한국,한국,(주)영화사두둥,(주)쇼박스,15세이상관람가,범죄,장창원,"현빈,유지태,배성우,박성웅,나나,안세하,최덕문,전보람,전헌태,이용희,이재남,이창호,김동철,황인범,차순배,염동헌,허성태,주석태,정민성,최홍일,김자영,류성현,유정호,손병욱,신정섭"
29,베놈,2018-10-03,34100211207,0.01,34100211207,3888096,3888096,1308,116149,미국,미국,,소니픽쳐스엔터테인먼트코리아주식회사극장배급지점,15세이상관람가,"액션,SF,스릴러",루벤 플레셔,"톰 하디,미쉘 윌리엄스,리즈 아메드,제니 슬레이트"
30,남한산성,2017-10-03,31225419792,0.009,31225419792,3849129,3849129,1229,71102,한국,한국,(주)싸이런픽쳐스,(주)씨제이이엔,15세이상관람가,"사극,드라마",황동혁,"이민배,이병헌,김윤석,박해일,고수,박희순,조우진,박주운,박지원,백동현,서병철,장정국,이정호,이호중,권효민,신희철,한창현,허성태,이상희,곽자형,강덕중,박지일,최희도,엄지만,박재한"
31,암수살인,2018-10-03,32995138548,0.009,32995138548,3789321,3789321,1177,126127,한국,한국,"(주)필름295,(주)블러썸픽쳐스",(주)쇼박스,15세이상관람가,"범죄,드라마",김태,"김윤석,주지훈,문정희,진선규,이재현,이윤재,김종수,김지성,이현주,임병우,김진혁,김학준,윤성원,박성현,박진수,박진영,권회수,허진,김영웅,김윤석,배해선,이봉련,정기섭,이유준,원현준,김미경,김미화,정종준,황재열,박재한"
32,데드풀 2,2018-05-16,34185664639,0.01,34185664639,3784602,3784602,1576,113288,미국,미국,,이십세기폭스코리아(주),청소년관람불가,"액션,어드벤처,코미디,SF",데이빗 레이치,"라이언 레이놀즈,조슈 브롤린,재지 비츠,모레나 바카린,브리아나 힐데브란드"
33,국가부도의 ,2018-11-28,30892815837,0.009,30892815837,3755133,3755133,1180,101074,한국,한국,영화사 집,(주)씨제이이엔,12세이상관람가,드라마,최국희,"김혜수,유아인,허준호,조우진,뱅상 카셀,이원희,이은주,손민석,손영진,이하윤,김진구,박경관,박재민,박재영,박정민,권훈,김기현,염혜란,최준영,조한철,한창현,엄효섭,장성범,동하,박진주,이양희,손성찬,전배수,백도겸,박경찬,정종열,양말복,한이진,김민상,이영희"
34,코코,2018-01-11,27723289440,0.008,27723289440,3513114,3513114,1177,85934,미국,미국,,월트디즈니컴퍼니코리아 유한책임회사,전체관람가,애니메이션,리 언크리치,"가엘 가르시아 베르날,앤서니 곤잘레스,벤자민 브랫"
35,스파이더맨: 홈 커밍,2017-07-05,27676489896,0.008,59125813820,3440108,7258678,1797,106077,미국,미국,,소니픽쳐스엔터테인먼트코리아주식회사극장배급지점,12세이상관람가,"액션,어드벤처,SF",존 왓,"제이콥 배덜런,톰 홀랜드,로버트 다우니 주니어,마이클 키튼,마리사 토메이, 데이아 콜먼,존 파브로,마틴 스타,로건 마샬-그린,가르셀라 보베,스 리,보킴 우드바인,케네스 최,토니 레볼로리,타인 달리"
36,그것만이 내 세상,2018-01-17,27454117382,0.008,27454117382,3419753,3419753,956,95432,한국,한국,"(주)제이케이필름,(주)씨제이이엔",(주)씨제이이엔,12세이상관람가,"코미디,드라마",최성현,"이병헌,윤여정,박정민,한지민,김성령,이주영,최리,이가경,이상준,박현주,이소정,이정호,이종승,이주영,이준석,안성봉,박상훈,박성훈,박소은,장혜리,정승환,박지연,박지훈,박지훈,조윤주,김동규,김민주,김유진,박지연,정윤하,오혜원,류제승,권귀빈,백현진,유정호,김서원,김병춘,김현정,김상욱,서정우"
37,돈,2019-03-20,28869614062,0.008,28869614062,3389035,3389035,1431,120808,한국,한국,"(주)사나이픽처스,(주)영화사 월광",(주)쇼박스,15세이상관람가,범죄,박누리,"류준열,유지태,조우진,원진아,박명신,이화룡,오희준,정기섭,차래형,김강현,유재명,이서환,정만식,임세미,한주완,서명찬,이무생,홍인,임천석,우지이,강우신,홍석찬,임교은,박용복,백명재,백정우,추판호,배재완,추국현,주제희,김일석,안문주,선인호,황혜진,현명석,노현욱,구혜연,권욱락,환현규,서아라,강이나,천세라,최별하,최예록,박아정,현정애,김운송,허철영,구효길,백승인,주동희,이태검,강덕중,남문철,동윤석,동현배,고해성,박상훈,곽진석,구본진,박성용,맹나현,박성현,박세정,권지훈,권혁성,서정우,김기정,선율우,박준혁,성승주,박준호,김대현,손영민,손우진,손종학,송승현,신재민,변진수,김민아,김민재,안현빈,유지수,오경민,오대환,육효명,김상욱,신나리,김세정,윤선혜,윤용석,윤용석,윤육,이정철,고재경,장영주,김재영,허지나,최영우,이지연,장훈,김혜련,김혜준,이지혜,황병국,이수련,조우진,김종수,이육헌,최현종,황정민,최정현,김시우,조정원,정도원,이가경,강동균,정민규,주보라,김지나,김지성,진선규,이도국,김진옥,최희진,이연우,김하영,김성강,정세아,김태한,김왕도,이민정,김윤영,김윤오,김찬이,이원찬,이현일,이유진,명재환,이윤경,이은석,정수용,김태빈,이이슬,박광진,김철민,윤채연,김진호,박소리,안지은,안태준,이호근,박현욱,최현종,전희련,오승훈,장규미,김현우,한성호,한수용,곽진석,장규미,노상현"
38,악인전,2019-05-15,29126693850,0.008,29126693850,3363660,3363660,1307,97319,한국,한국,(주)비에이엔터테인먼트,"(주)에이스메이커무비웍스,(주)키위미디어그룹",청소년관람불가,"범죄,액션",이원태,"마동석,김무열,김성규,문동혁,오희준,민무제,문순주,김근영,전배수,유재명,이서환,신희철,강문봉,남승화,박보경,공민규,공성하,곽최산,권혁,김결,서문호,김규리,김동민,배경민,김명희,백수진,백승민,신영선,이정우,안성봉,신하준,김민준,유승목,유승목,유재명,김보경,오상준,오상준,오현석,윤영균,임효진,김이현,최민철,최선영,정지훈,이상희,김재영,김건,김정석,이성훈,류성현,이소진,황보정일,이육헌,황인성,우강민,윤현주,정미경,강수빈,강영택,김준영,권다솜,이승현,차순배,이승훈,권정우,권혁일,이도군,김진옥,이동기,표성수,이동욱,이동준,이영아,한상철,조승국,한지아,류태호,우상전,우원규,김우림,유용국,이은샘,민경수,정유선,정여루,신기록,이재은,김윤성,안민하,이성일,박은보,이유선,배진호,양지수,최현경,배민준,염미선,전시현,장선정,성주원,허동원,안영석"
39,슈퍼배드 3,2017-07-26,24217091019,0.0069999999999999,24217091019,3324874,3324874,1057,59388,미국,미국,,유니버설픽쳐스인터내셔널 코리아(유),전체관람가,애니메이션,"피에르 꼬팽,카일 발다","스티브 카렐,크리스틴 위그,트레이 파커"
40,아이 캔 스피크,2017-09-21,25545775986,0.0069999999999999,25545775986,3282422,3282422,1140,93063,한국,한국,"주식회사 영화사 시선,(주)명필름","롯데쇼핑㈜롯데엔터테인먼트,(주)리틀빅픽쳐스",12세이상관람가,코미디,김현석,"나문희,이제훈,박철민,염혜란,성유빈,김소진,이상희,정연주,이지훈,손숙,박준서,이정현,홍상원,황연희,이재인,우지현,이신성,최수인,우상기,이대연,이정현,손성찬,정원창,김자영,김경덕,손경원,설창희,정태야,추연규,이승민,이범규,김선경"
41,마녀,2018-06-27,27242029463,0.008,27242029463,3189091,3189091,1117,90843,한국,한국,"(주)영화사 금월,(주)페퍼민트앤컴퍼니",워너브러더스 코리아(주),15세이상관람가,"미스터리,액션",박훈정,"김다미,조민수,박희순,최우식,백승철,김하나,이강곤,이상용,백규현,김종면,김종훈,서영희,송민수,이주원,이채현,이하영,이혜성,남경민,모그,박상현,박상훈,박시현,장민재,정다은,박정수,정승채,정지민,김한솔,조제웅,진영준,권용석,김기훈,김미진,최정우,김상훈,김수현,김승우,김영원,김영민,김우주,고민시,권태원,현봉식,이기영,최현종,오미희,김병옥,이주원,곽진석,명홍진"
42,탐정: 리턴즈,2018-06-13,26909459678,0.008,26909459678,3152872,3152872,1137,107907,한국,한국,(주)크리픽쳐스,(주)씨제이이엔,15세이상관람가,"코미디,범죄",이언희,"권상우,성동일,이광수,이일화,남명렬,손담비,최성원,김동욱,박성일,오희준,이광호,이동민,이동민,서영희,심상민,엄진용,임승묵,박성연,임효우,박영식,정성호,정연주,정인영,박태강,정택호,조혜선,최광락,권혁석,김동욱,김미진,최재옥,홍광석,홍광석,김선간,김수영,김승필,김승필,김용호,김원진,김성규,김연교,백인권,이상"
43,인크레더블 2,2018-07-18,24555055588,0.0069999999999999,24555055588,3033105,3033105,1605,70935,미국,미국,,월트디즈니컴퍼니코리아 유한책임회사,전체관람가,"애니메이션,액션,어드벤처,코미디,가족",브래드 버드,"크레이그 T. 넬슨,사무엘 L. 잭슨,홀리 헌터"
44,서치,2018-08-29,25284465345,0.0069999999999999,25284465345,2950097,2950097,1097,95761,미국,미국,,소니픽쳐스엔터테인먼트코리아주식회사극장배급지점,12세이상관람가,드라마,아니쉬 차간티,"존 조,데브라 메싱"
45,토이 스토리 4,2019-06-20,24660848640,0.0069999999999999,24660848640,2908206,2908206,1336,71570,미국,미국,,월트디즈니컴퍼니코리아 유한책임회사,전체관람가,"애니메이션,어드벤처,코미디",조시 쿨리,"톰 행크스,팀 알렌,애니 팟츠,토니 헤일,키아누 리브스,조앤 쿠삭,매들린 맥그로"
46,말모이,2019-01-09,23987145520,0.0069999999999999,23987145520,2866020,2866020,1203,87840,한국,한국,더램프(주),롯데컬처웍스(주)롯데엔터테인먼트,12세이상관람가,드라마,엄유나,"유해진,윤계상,김홍파,우현,김선영,민진웅,이성욱,조현철,오희준,정기섭,허성태,김동영,예수정,김태훈,김규백,이정은,유재명,이서환,윤경호,조현도,선승수,채동현,송형수,이새로미,김철무,이다일,최윤빈,차준서,지원호,윤준열,정원,고재원,정임섭,조성운,유용희,명인호,이상희,박경근,강유미,강태수,구민혁,박성용,권혁,박영서,서문호,서영주,박준희,김남훈,김대현,김도엽,송부건,송영창,송영창,송지호,김동효,백경윤,김문식,신재영,유순웅,유은미,오경민,오규택,김서윤,김세한,윤영균,최귀화,이상희,조석인,조수빈,조승구,조유신,전진기,이육헌,윤준상,윤준호,이강우,강전영,구준우,김길범,이도용,이동현,김한빛,김학충,이영호,한대훈,임수지,조용진,이호철,노영주,김태율,유상재,이현걸,박예나,박원석,전병덕,서영재,김민석,박나은"
47,너의 결혼식,2018-08-22,23676244369,0.0069999999999999,23676244369,2820969,2820969,970,98193,한국,한국,"(주)필름케이,(주)외유내강",플러스 엔터테인먼트,12세이상관람가,멜로/로맨스,이석근,"박보영,김영광,강기영,장성범,고규필,서은수,차엽,안길강,이동석,이재상,서남윤,김준수,김지훈,김태환,김학준,김한슬,박규태,정난희,박종범,박주희,정유진,정주호,조영웅,김건중,홍근택,홍진기,김영훈,김성준,강희중,배해선,조성희,신희철,김현숙,안민영,전배수,윤경호,강덕중,유희제,하준,김성준,박성준,김민석"
48,덩케르크,2017-07-20,24576771848,0.0069999999999999,24576771848,2792705,2792705,1252,66005,미국,"미국,영국",,워너브러더스 코리아(주),12세이상관람가,"액션,드라마,스릴러,전쟁",크리스토퍼 놀란,"톰 하디,마크 라이런스,케네스 브래너,킬리언 머피,제임스 다시,케빈 구스리"
49,곤지암,2018-03-28,21444236144,0.006,21444236144,2675883,2675883,1124,88553,한국,한국,(주)하이브미디어코프,(주)쇼박스,15세이상관람가,"공포(호러),스릴러",정범식,"위하준,박지현,오아연,문예원,박성훈,이승욱,류제윤,이주원,정아노마"
50,살인자의 기억법,2017-09-06,21375287492,0.006,21375287492,2658589,2658589,1064,88686,한국,한국,"(주)쇼박스,(주)더블유픽처스,(주)그린피쉬,(주)영화사 이창",(주)쇼박스,15세이상관람가,"범죄,스릴러",원신연,"설경구,김남길,설현,오달수,이현명,장정윤,전동성,전동성,전동성,전승표,백연정,백연정,정동석,정동석,유지현,윤선용,추동우,함연주,이종건,박상욱,박상운,전승표,김정영,이병준,김혜윤,최유송,김경민,정인겸,엄지만"
51,지금 만나러 갑니다,2018-03-14,20800916128,0.006,20800916128,2602273,2602273,1191,97482,한국,한국,"(주)무비락,(주)도서관옆스튜디오,(주)푸른나무픽쳐스",롯데쇼핑㈜롯데엔터테인먼트,12세이상관람가,멜로/로맨스,이장훈,"소지섭,손예진,김지환,고창석,이유진,김현수,배유람,이준혁,서정연,손여은,이진,이상철,이재환,이정민,변지은,김지민,송지연,이준성,김지호,김하은,유은성,박서준,정유민,정현우,차봉주,김경애,김선웅,김범준,공효진,김민석"
52,증인,2019-02-13,20477262331,0.006,20477262331,2534075,2534075,1047,89556,한국,한국,"(주)무비락,(주)도서관옆스튜디오",롯데컬처웍스(주)롯데엔터테인먼트,12세이상관람가,드라마,이한,"정우성,김향기,이규형,염혜란,장영남,정원중,김종수,박근형,송윤아,이준혁,이레,김승욱,오재세,이채은,이서준,이서환,강민지,강지현,박세정,권혁준,김경훈,박재환,박주은,박준호,박찬영,송우용,김미진,안성봉,신치영,신혜정,김범석,오창경,김소연,김수경,이준형,장효석,김정연,김호연,조성재,김홍식,최은영,최종률,정도원,정명훈,조한나,이승헌,강은수,고민지,곽나현,권정은,김규인,김난영,표예리,김바비,이동훈,김학선,이영아,김승윤,이민정,조복휘,김인규,김준원,정승욱,도현,김형묵,정영록,남혜진,김태현,정우성,문승배,정경현,이은샘,채치웅,윤정환,박미정,이종익,최문익,심은정,이석환,박윤근,박은우,엄주원,박창화,엄혜란,배내희,손제형,추귀정,염지영,장부익,장선아,서광재,한윤지,한재경,이슬이"
53,목격자,2018-08-15,21737061097,0.006,21737061097,2524720,2524720,1021,71403,한국,한국,(주)에이디사공육,(주)넥스트엔터테인먼트월드(NEW),15세이상관람가,스릴러,조규장,"이성민,김상호,진경,곽시양,이동희,김재철,이재남,이재우,이태호,이혜민,정택호,조아라,황인범,김자영,김수영,김상호,박지후,우상기,황영희,정재광,박성근,이민웅,최정인,이상희,정유민"
54,조선명탐정: 흡혈괴마의 비밀,2018-02-08,19822789764,0.006,19822789764,2444136,2444136,1249,74953,한국,한국,청년필름(주),(주)쇼박스,12세이상관람가,"사극,어드벤처,코미디",김석윤,"김명민,오달수,김지원,김범,이민기,지웅배,이대현,이소희,이재웅,백승진,이정민,김정화,서지은,김탁호,김태윤,김태희,김현주,류현상,민성주,박동석,전건익,전현우,박지선,김태호,박지현,김건,최유진,김미란,김상일,김영우,김영진,한성희,염동헌,송훈,강덕중,조한준,윤상훈,장유화,현우,윤상돈"
55,신비한 동물들과 그린델왈드의 범죄,2018-11-14,20817381118,0.006,20817381118,2414195,2414195,1601,76847,미국,미국,,워너브러더스 코리아(주),12세이상관람가,판타지,데이빗 예이,"에디 레드메인,캐서린 워터스턴,앨리슨 수돌,댄 포글러,에즈라 밀러,주드 로,조니 뎁,칼럼 터너,조 크라비츠,수현"
56,사바하,2019-02-20,20007508194,0.006,20007508194,2398519,2398519,1174,78094,한국,한국,"(주)외유내강,(주)필름케이",(주)씨제이이엔,15세이상관람가,"미스터리,스릴러",장재현,"이정재,박정민,이재인,유지태,정진영,진선규,이다윗,황정민,지승현,이항나,정동환,오윤홍,진선규,차순배,김승현,이상우,배해선,차래형,김근영,윤경호,문창길,문숙,강나영,김두은,김유린,김지후,조수지,신보경,정병두,이재순,배선엽,곽영신,유승희,장지민,정혜은,강우진,윤창희,김근우,이치민,하승협,권해성,손병우,박상현,김찬빈,한유한,이월진,박재만,박영래,이광석,한형주,류현주,손연서,유선이,강민재,남도현,강성철,강지현,류경인,권귀빈,박수미,권오준,민설애,김가은,김금순,박종범,설시연,박지윤,박지환,박진영,박훈,김명희,백승철,신유진,안성진,안현빈,김범수,오누리,노유림,옥영진,옥주리,김소숙,강민지,임현주,정재은,임효진,김현정,이주실,허다정,이준구,정한호,장영애,권태호,김홍파,김정훈,조한준,이문석,이수정,황인준,정미경,조한아름,이건창,김지수,정서인,권해성,이대현,김진옥,표성수,표예리,한다경,이한울,이한울,김태윤,이은주,김유나,이재진,장희욱,박지윤,박규범"
57,메이즈 러너: 데스 큐어,2018-01-17,18902873104,0.005,18902873104,2299732,2299732,1090,58918,미국,미국,,이십세기폭스코리아(주),12세이상관람가,"액션,SF,스릴러",웨스 볼,"딜런 오브라이언,토마스 생스터,카야 스코델라리오,이기홍"
58,맘마미아!2,2018-08-08,19607520003,0.005,19607520003,2293884,2293884,750,59060,미국,미국,,유니버설픽쳐스인터내셔널 코리아(유),12세이상관람가,뮤지컬,올 파커,"아만다 사이프리드,릴리 제임스,메릴 스트립,피어스 브로스넌,제레미 어바인,콜린 퍼스,휴 스키너,스텔란 스카스가드,조쉬 딜란,줄리 월터스,알렉사 데이비스,크리스틴 바란스키,제시카 키나 윈,도미닉 쿠퍼,셰어,앤디 가르시아"
59,레디 플레이어 원,2018-03-28,19933108071,0.006,19933108071,2254430,2254430,1079,77173,미국,미국,,워너브러더스 코리아(주),12세이상관람가,"액션,SF,어드벤처",스티븐 스필버그,"마크 라이런스,사이먼 페그,올리비아 쿡,타이 쉐리던,벤 멘델슨,T.J. 밀러,모리사키 윈"
60,명당,2018-09-19,17900775524,0.005,17900775524,2087474,2087474,1117,58450,한국,한국,(주)주피터필름,플러스 엔터테인먼트,12세이상관람가,사극,박희곤,"조승우,송영재,지성,김성균,백윤식,문채원,유재명,박충선,이원근,김민재,강태오,이가희,이규섭,이동희,이세희,이수아,이성훈,이유리,이정현,김준영,이주연,이창석,김진혁,안성봉,김하림,박기태,임지은,정재용,정재헌,박지현,정한길,정혜경,조성환,최선호,김규선,김도연,김동규,김동현,최우석,홍은진,홍준호,김선문,김서현,김서연,김기태,허성태,전신환,손성찬,홍완표,정종열,심희섭,이육헌,이종윤,백인권,배진호,조현식,이정민,이정빈,이승"
61,혹성탈출: 종의 전쟁,2017-08-15,16854482778,0.005,16854482778,2051315,2051315,1017,44543,미국,미국,,이십세기폭스코리아(주),12세이상관람가,"액션,어드벤처,드라마,SF",맷 리브스,"앤디 서키스,우디 해럴슨,스티브 잔,주디 그리어,타이 올슨,채드 룩,티모시 웨버,마이클 아담스웨이트,라우로 차트랜드,스티브 바란칙"
62,협상,2018-09-19,17032133166,0.005,17032133166,1967721,1967721,919,57926,한국,한국,"(주)제이케이필름,그리고픽처스,(주)씨제이이엔",(주)씨제이이엔,15세이상관람가,범죄,이종석,"현빈,손예진,김상호,장영남,장광,조영진,이문식,이현,이동희,김준영,김지성,이주영,이지훈,이주환,안성봉,김희진,유관형,박수영,장민정,박영수,박지훈,정재호,정지상,정휘욱,김보민,김선희,김송이,김유진,이학주,차래형,박형수,이시아,최병모,박성근,어성욱,김보민,곽자형,김그림,윤성우,정인겸,김민상,여민구,배서하,곽민규,장우용,장우용"
63,알리타: 배틀 엔젤,2019-02-05,18571455667,0.005,18571455667,1952063,1952063,1043,52666,미국,미국,,"월트디즈니컴퍼니코리아 유한책임회사,이십세기폭스코리아(주)",12세이상관람가,"액션,어드벤처,멜로/로맨스,SF,스릴러",로버트 로드리게즈,"크리스토프 왈츠,에드 스크레인"
64,애나벨 : 인형의 주인,2017-08-10,15527492238,0.004,15527492238,1934270,1934270,1006,35103,미국,미국,,워너브러더스 코리아(주),15세이상관람가,공포(호러),데이비드 F. 샌드버그,"스테파니 시그만,알리시아 벨라 베일리,미란다 오토,탈리타 베이트먼"
65,내안의 그놈,2019-01-09,16412116567,0.005,16412116567,1916855,1916855,1041,61744,한국,한국,"(주)에코필름,(주)전망좋은 영화사","(주)메리크리스마스,TCO(주)더콘텐츠온",15세이상관람가,"판타지,코미디",강효진,"박성웅,진영,라미란,이수민,이준혁,김광규,민지아,윤경호,김현목,권혁범,오윤수,이호수,김상겸,조성희,박경혜,장진희,차영주,박지훈,정윤하,정원창,박신아,윤부진,류현,민지민,박용균,김건,김경록,서동석,서승원,김근형,서진원,박주현,박준성,김남규,박지아,박지연,김대원,김대한,박진수,박진아,김도현,배경민,백기원,백수현,신유진,신재민,신진호,안효진,유영채,오세은,윤단비,남태우,오지영,윤송아,이정민,강민재,김은화,임효우,고경호,정지연,김현진,임지형,허유리,김재원,정혜원,권혁석,최우석,홍수현,조경섭,전두식,김재명,김홍파,이소라,이소현,김희선,조영지,김승필,황인준,강동길,조현영,이건구,강승호,이경진,이경호,김준형,이광호,지찬,곽지유,김영,권민서,권혁범,김가애,이동영,김영주,김명아,김명인,김범진,김부선,최경민,김예인,김석주,김태진,김태준,조경현,김우래,이우성,김재만,이범찬,김지예,김진걸,조시현,김현기,김찬오,이보라,김용훈,주우진,문강혁,남진복,유승운,진석진,진수선,이은영,김태성,정윤정,정윤철,안스완,이자은,신유선,최대열,박선근,신형근,박성주,최병국,이창식,이미노,이풍운,이하미,박영웅,안애린,이시율,최우주,이연하,손기성,배수진,배윤민,임승준,백민,임종화,염동철,전애진,염채은,예정민,손주형,추석영,전혜영,설지윤,송영우,하은유,하혜주,손광업,임동민,박소영,한선구,황순원,한지웅,한창현,서다해,함정인,허나경,허윤진,현익창,김용호,정택호,이동민,조준형,이상철,이상진,권혁석"
66,마약왕,2018-12-19,16222446942,0.005,16222446942,1864076,1864076,1297,45453,한국,한국,(주)하이브미디어코프,(주)쇼박스,청소년관람불가,"범죄,드라마",우민호,"고예린,송강호,조정석,배두나,김소진,김대명,이희준,조우진,이성민,김홍파,김근영,강민석,강민수,김남우,김동환,김명희,김시원,김연주,김우진,김윤수,김정호,김주연,김주영,김주영,김준한,김준형,김지은,김형태,김혜진,김혜진,류대식,문상호,박미희,송원종,유승희,윤세현,이병희,이선민,이수정,이수현,이승진,이시현,이영태,이영호,이은주,이주원,이지혜,이창훈,이현정,이호철,정재원,최준혁,한동희,한송희,한지혜,이봉련,한창현,박경혜,안다정,유재명,이중옥,이서환,홍인,강덕중,염석무,엄지만,조유하,이지혜,박선영,이승찬"
67,뺑반,2019-01-30,15222811848,0.004,15222811848,1826714,1826714,1285,47213,한국,한국,"오리진필름(주),(주)쇼박스",(주)쇼박스,15세이상관람가,"범죄,액션",한준희,"공효진,류준열,조정석,염정아,전혜진,손석구,김기범,이학주,정수지,배유람,이성욱,류경수,김고은,차래형,박형수,박예영,나철,이해운,임선우,한명수,김태겸,양한슬,하성민,공찬호,강태영,한이진,정수교,고은민,전광진,승형배,황준호,한유열,박재광,오태근,이일현,황규인,오혜금,임정인,최윤민,노도현,선학,양지일,최세용,장현동,천샘,서성금,박성하,박경현,유민상,송준근,정해철,홍현호,김회경,박경근,공성하,권혁,권혁준,박윤희,박윤희,박주한,박준희,김대근,김대한,박현,송요셉,배우진,신재영,신주환,안대웅,안성봉,안현빈,안혜성,유연수,이종재,최성환,김재원,장준현,이성교,이성민,이세진,이소진,김흥태,황보정일,조유진,전호용,황윤성,이창선,정규연,이순자,김주영,이가경,김양수,김여진,조홍우,임준혁,김영,이대광,이도국,김진옥,김영준,김한석,하민,이명자,김지환,김태현,정용주,정원형,김윤배,한대훈,이남경,김지수"
68,저스티스 리그,2017-11-15,14629692795,0.004,14629692795,1786386,1786386,1308,73393,미국,미국,,워너브러더스 코리아(주),12세이상관람가,"액션,어드벤처,판타지,SF",잭 스나이더,"벤 애플렉,갤 가돗,제이슨 모모아,레이 피셔,에즈라 밀러,헨리 카빌,J.K. 시몬스,윌렘 데포,제레미 아이언스,앰버 허드,코니 닐슨,에이미 아담스,다이안 레인"
69,주먹왕 랄프 2: 인터넷 속으로,2019-01-03,13919424723,0.004,13919424723,1758891,1758891,1453,56432,미국,미국,,월트디즈니컴퍼니코리아 유한책임회사,전체관람가,"애니메이션,어드벤처,코미디,가족",리치 무어,"존 C. 라일리,사라 실버맨,맨디 무어,크리스틴 벨"
70,킬러의 보디가드,2017-08-30,14020592300,0.004,14020592300,1721824,1721824,482,42005,미국,미국,,"(주)제이앤씨미디어그룹,TCO(주)더콘텐츠온",15세이상관람가,"액션,코미디",패트릭 휴즈,"라이언 레이놀즈,사무엘 L. 잭슨,셀마 헤이엑,게리 올드만"
71,쥬만지: 새로운 세계,2018-01-03,13835919864,0.004,13835919864,1711246,1711246,791,41818,미국,미국,,소니픽쳐스엔터테인먼트코리아주식회사극장배급지점,12세이상관람가,"액션,어드벤처",제이크 캐스단,"드웨인 존슨,잭 블랙,케빈 하트,카렌 길런,매디슨 아이스먼"
72,PMC: 더 벙커,2018-12-26,14024838424,0.004,14024838424,1671548,1671548,1081,49806,한국,한국,(주)퍼펙트스톰필름,(주)씨제이이엔,15세이상관람가,액션,김병우,"하정우,이선균,제니퍼 엘,이상원,민무제,강신철,손성찬,안성봉,양지수,신현빈"
73,걸캅스,2019-05-09,13806434134,0.004,13806434134,1628784,1628784,973,63155,한국,한국,(주)필름모멘텀,(주)씨제이이엔,15세이상관람가,"코미디,액션",정다원,"라미란,이성경,윤상현,최수영,염혜란,위하준,주우재,강홍석,김도완,이정민,신현숙,이레,조혜주,배유람,임현성,안재홍,한수현,조병규,강문봉,강성하,박소은,서석규,서성현,김광섭,옥자연,성동일,소희정,백승환,김미지,김민경,안대웅,안성봉,여이레,오상준,오상준,오성현,오세환,김성균,오하늬,김성종,김송이,최예림,이성규,김정교,조미라,조서진,김정현,전소영,김승아,이진성,황필규,황필성,김신우,최준영,이가희,김준,강신하,김지나,이기원,김지유,이승훈,최혜진,김한상,김병남,하정우,이영아,김세진,김태준,이확광,임예은,한수연,조예진,김용진,김춘심,김해정,류대산,나대남,위하준,노승은,이윤희,정두원,이은숙,정세인,김철환,김찬희,신한숙,이도연,최병윤,김진욱,이문빈,심희진,이선정,안창환,이의수,전석호,여시현,여은지,여은지,임현철,오성미,설창희,하연희,송지혁,한건희,임범용,황이현,박두희,허단비,곽민석,이금용,윤현길"
74,창궐,2018-10-25,13278236490,0.004,13278236490,1599598,1599598,1351,60689,한국,한국,"리양필름(주),(주)영화사 이창",(주)넥스트엔터테인먼트월드(NEW),15세이상관람가,"사극,액션",김성훈,"현빈,장유화,장동건,조우진,정만식,이선빈,김의성,조달환,박진우,서지혜,한지은,공정환,김태우,이승일,이상준,이상훈,이승주,배정환,이우성,이우정,이재남,이정민,이정민,김주혁,서지은,이진용,이창훈,이형원,김태경,김태윤,김태희,김하진,나대한,민경옥,박경관,박성빈,임용순,장현,장윤정,박종범,정수연,박지아,박지원,정재훈,박태민,김현욱,김현욱,강정진,조민아,최규리,최아영,김다연,김다연,김대현,한아름,한지혜,한지혜,편광진,황원일,김성태,김은진,김수지,김승환,김성규,김제형,오재세,한성희,허성태,허준석,조윤서,송훈,김성준,김대곤,조한준,전운종,주광현,이유진,정현국,오일용,김성준,김지수,정선희,정선희,이민혁,이상훈,안수민,윤석동,최재영,윤상돈,이청빈"
75,성난황소,2018-11-22,13236490737,0.004,13236490737,1593386,1593386,1010,48932,한국,한국,"주식회사 플러스미디어엔터테인먼트,(주)비에이엔터테인먼트",(주)쇼박스,15세이상관람가,"범죄,액션",김민호,"마동석,송지효,김성오,박지환,이동진,박혜림,김재철,이연주,신수경,이창훈,김흥태,노성후,장혁진,박지훈,박진성,김산,김민재,김수진,김용빈,김수진,이성우,배진웅,정인기,최홍일,서문호,황재열,이세영"
76,범블비,2018-12-25,13090949707,0.004,13090949707,1561643,1561643,1016,44459,미국,미국,,롯데컬처웍스(주)롯데엔터테인먼트,12세이상관람가,"액션,어드벤처,SF",트래비스 나이트,"헤일리 스테인펠드,파멜라 애들론,존 시나,피터 쿨렌,케네스 최"
77,도어락,2018-12-05,12803157486,0.004,12803157486,1561258,1561258,954,53836,한국,한국,(주)영화사피어나,플러스 엔터테인먼트,15세이상관람가,"스릴러,드라마",이권,"전지윤,공효진,김예원,김성오,조복래,이가섭,이천희,김동규,김보경,김유정,김지한,김지현,백민준,이승창,장효석,한지은,배유리,배명진,차엽,윤종석,이상희,이홍내,손영희,정종우,박초연,최만성"
78,드래곤 길들이기 3,2019-01-30,12340610576,0.003,12340610576,1506942,1506942,971,42322,미국,미국,,유니버설픽쳐스인터내셔널 코리아(유),전체관람가,애니메이션,딘 데블로이스,"제이 바루첼,아메리카 페레라,케이트 블란쳇,킷 해링턴,크레이그 퍼거슨,F. 머레이 아브라함"
79,리틀 포레스트,2018-02-28,11934249185,0.003,11934249185,1506911,1506911,884,68422,한국,한국,(주)영화사수박,플러스 엔터테인먼트,전체관람가,드라마,임순례,"김태리,류준열,문소리,진기주,홍성덕,이광용,이상준,김재훈,이유진,김정은,김주은,이태영,김지윤,오수엽,박미현,박민지,박성준,임정희,박수현,박정희,박종찬,김혁,김호,강민지,김다정,김동혁,김명희,최원석,최혜림,김소정,김수현,김은영,김예슬,전국향,장재희,정준원,김현지"
80,부라더,2017-11-02,11783109998,0.003,11783109998,1492903,1492903,889,54976,한국,한국,"(주)홍필름,(주)수필름",플러스 엔터테인먼트,12세이상관람가,코미디,장유정,"마동석,이동휘,이하늬,배준수,석정호,신은영,안백승,안승주,채지혜,이성은,이수민,이은정,한명순,이재민,이하은,황인주,황종환,김근영,이봉련,허성태,손영순,서현철,김강현,류정수,송상은,윤태희,정순원,강지혜"
81,어스,2019-03-27,12586771104,0.004,12586771104,1475087,1475087,1132,58522,미국,미국,,유니버설픽쳐스인터내셔널 코리아(유),15세이상관람가,"공포(호러),스릴러",조던 필,"루피타 뇽오,윈스턴 듀크,엘리자베스 모스,팀 헤이데커,야히아 압둘 마틴 2세,애나 디옵,에반 알렉스,샤하디 라이트 조셉,매디슨 커리,칼리 쉘든,노엘 쉘든,카라 헤이워드"
82,나의 특별한 형제,2019-05-01,12057064074,0.003,12057064074,1474303,1474303,936,49896,한국,한국,"(주)명필름,(주)조이래빗",(주)넥스트엔터테인먼트월드(NEW),12세이상관람가,"드라마,코미디",육상효,"신하균,이광수,이솜,박철민,권해효,길해연,양소민,배명진,김자영,김한나,양조아,김기천,고봉구,김경남,송철호,박정훈,서지원,김동훈,신안진,신안진,김민석,안지호,우지현,우지현,오세은,김서원,김현빈,이선주,김희창,윤정로,김승태,강은아,김중기,고현준,이채은,이호원,목규리,김태완,최광일,이도엽,김윤호,연승빈,전채원,서희,선종남,한경원,한별,정유민"
83,스윙키즈,2018-12-19,12092342292,0.003,12092342292,1472931,1472931,984,42244,한국,한국,(주)안나푸르나필름,(주)넥스트엔터테인먼트월드(NEW),12세이상관람가,드라마,강형,"도경수,박혜수,자레드 그라임스,오정세,김민호,강성호,고창희,김건우,김동현,김민재,김수민,김유리,김은주,김종원,김지현,김지혜,김태형,김하늘,나경진,박상필,박준수,신지훈,안희진,이동현,이상훈,이승훈,이승훈,이재석,이정현,이태영,장지훈,전민정,전재형,최민우,송재룡,주해은,박진주,박형수,이규성,강길우,김규백,김시원,백인권,염석무,오래영,김언수,김희상,윤정로,김종태,최원,전재형,김지수,이승철,김태윤,서정우,김태순,박찬우"
84,위대한 쇼맨,2017-12-20,11513917500,0.003,11513917500,1403019,1403019,702,36360,미국,미국,,"월트디즈니컴퍼니코리아 유한책임회사,이십세기폭스코리아(주)",12세이상관람가,"드라마,뮤지컬",마이클 그레이시,"휴 잭맨,잭 에프런,미쉘 윌리엄스,레베카 퍼거슨, 데이아 콜먼"
85,기억의 밤,2017-11-29,10653271160,0.003,10653271160,1387779,1387779,759,53003,한국,한국,(주)비에이엔터테인먼트,"플러스 엔터테인먼트,주식회사 키위컴퍼니",15세이상관람가,"미스터리,스릴러",장항준,"강하늘,김무열,문성근,나영희,최고,박윤식,박재영,이동근,이동진,이승용,남명렬,김현목,이성우,이나라,안민영,박경찬,임정민"
86,골든슬럼버,2018-02-14,11412768798,0.003,11412768798,1387508,1387508,833,42991,한국,한국,영화사 집,(주)씨제이이엔,15세이상관람가,"범죄,드라마",노동석,"강동원,김의성,한효주,김성균,김대명,윤계상,이준혁,정소민,최우식,유재명,차순배,김시은,이강희,이경훈,이상원,김재영,방한솔,이예림,김종호,손영진,신경철,이진구,이하늘,김지희,김지희,김진성,오기환,남은정,박다은,박서연,박성희,박시은,박은영,전한나,박정민,정신영,정연주,박지선,박지현,조영진,김건,최재호,최진호,최혜영,한대훈,황준혁,김소정,김수영,김우진,김승호,김유정,오륭,염혜란,떠리삐에,노수산나,이학주,우상기,원현준,김승훈,김미경,윤부진,곽자형,이상희,윤재인,정인겸,김서원,정미형,황재열,조승구,이승민,박혜영"
87,램페이지,2018-04-12,11951980109,0.003,11951980109,1385511,1385511,909,55295,미국,미국,,워너브러더스 코리아(주),12세이상관람가,액션,브래드 페이튼,"드웨인 존슨,제프리 딘 모건,나오미 해리스,말린 애커맨,조 맨가니엘로,말리 쉘튼"
88,해피 데스데이,2017-11-08,11004455402,0.003,11004455402,1382650,1382650,714,52101,미국,미국,,유니버설픽쳐스인터내셔널 코리아(유),15세이상관람가,"공포(호러),미스터리,스릴러",크리스토퍼 랜던,"제시카 로테,이스라엘 브로우사드"
89,브이아이피,2017-08-23,10956621835,0.003,10956621835,1373316,1373316,996,44650,한국,한국,"(주)영화사 금월,(주)페퍼민트앤컴퍼니",워너브러더스 코리아(주),청소년관람불가,"범죄,드라마",박훈정,"강소백,장동건,김명민,박희순,이종석,임보라,박재웅,박준서,박준호,신수정,안세진,조청원,지성훈,최상재,최우진,이상민,이윤하,이주원,김대현,오대환,이서준,현봉식,이정혁,유재명,최현종,임용순,곽진석,박혁민,이민혁"
90,궁합,2018-02-28,10478875438,0.003,10478875438,1340117,1340117,966,52427,한국,한국,(주)주피터필름,(주)씨제이이엔,12세이상관람가,"코미디,드라마",홍창표,"송영재,심은경,이승기,김상경,연우진,강민혁,최우식,조복래,박선영,이한서,윤송아,이선빈,이동희,이상진,이소현,이수연,이수연,이재은,김정겸,배지혜,이영수,이정현,이주연,이지민,신혜경,김탁호,김태환,유다영,유다영,윤예원,윤유선,민성주,장지선,정민규,정인영,정재훈,김필수,강현우,조성환,최민호,김욱,최우진,최준호,김보경,김서현,안지호,김성훈,김상혁,조수향,박진주,이정현,손성찬,박호산,최교식,김관수,유정호,박지일"
91,오션스8,2018-06-13,11700157266,0.003,11700157266,1335829,1335829,837,55372,미국,미국,,워너브러더스 코리아(주),12세이상관람가,"액션,범죄",게리 로스,"산드라 블록,케이트 블란쳇,앤 해서웨이,민디 캘링,사라 폴슨,아콰피나,리한나,헬레나 본햄 카터"
92,사라진 밤,2018-03-07,10697981316,0.003,10697981316,1315726,1315726,925,60087,한국,한국,"(주)싸이더스,(주)엠씨엠씨,(주)더블앤조이픽쳐스",(주)키다리이엔티,15세이상관람가,스릴러,이창희,"김상경,김강우,김희애,서현우,이민지,이윤재,이지훈,김지영,최윤석,류경수,현봉식,경수진,황재열,김희상,복세훈"
93,장산범,2017-08-17,10340091083,0.003,10341783083,1306156,1306438,711,34768,한국,한국,(주)드림캡쳐,(주)넥스트엔터테인먼트월드(NEW),15세이상관람가,"미스터리,스릴러",허정,"염정아,박혁권,허진,신린아,방유설,이준혁,이달,이주원,장리우,정지훈,노수산나,김수안"
94,생일,2019-04-03,9879762840,0.003,9879762840,1196694,1196694,878,71787,한국,한국,"나우필름(주),(주)영화사레드피터,파인하우스필름(주)",(주)넥스트엔터테인먼트월드(NEW),전체관람가,드라마,이종언,"설경구,박가영,전도연,김보민,윤찬영,박종환,김형주,성유빈,탕준상,신문성,이봉련,김수진,안다정,정종준,박미현,곽민규,박세정,박윤호,김경준,서석규,김계선,선욱현,신미영,신안진,신운섭,신주원,김민재,유지현,염선식,윤미경,옥주리,김수연,임혜진,김현정,이상홍,김재범,조미라,조영래,김종훈,조재현,이광우,최현진,최혜지,김진옥,이시형,김학충,한승우,이현우,조하비,맹진희,진명룡,유이찬,민구경,윤영,신동력,최은후,엄대현,최해솔,방재호,연승빈,박민규,석예린,오태남,성경구,한도형,함희수,허남일,허진성,김현,권잎새,한대훈,김종태"
95,바람 바람 바람,2018-04-05,9784385375,0.003,9784385375,1194229,1194229,985,57939,한국,한국,(주)하이브미디어코프,(주)넥스트엔터테인먼트월드(NEW),청소년관람불가,코미디,이병헌,"이성민,신하균,송지효,이엘,장영남,고준,서성원,이주한,이지원,이혜수,김태강,유아름,유현종,정석원,김욱,김건,김기훈,강민지,김도연,김명준,황미영,김승원,김영현,김성우,강희수,양현민,허준석,전광진,김그림,엄지만,윤설"
96,챔피언,2018-05-01,9471138230,0.003,9471138230,1128774,1128774,874,47320,한국,한국,(주)코코너,워너브러더스 코리아(주),12세이상관람가,드라마,김용완,"마동석,권율,한예리,박성일,유지연,이규호,이수정,김정화,이혜민,김지연,김지환,김태현,오승환,유지연,박세준,전민지,전혜원,정승환,박지연,김건,김동현,김동현,김미미,홍지원,김재민,김수진,양현민,박지연,양조아,곽자형,서문호,오창경,이동진,이범규"
97,롱 리브 더 킹: 목포 영,2019-06-19,9173740050,0.003,9173740050,1086506,1086506,965,38385,한국,한국,"주식회사 몬스터컴퍼니,(주)비에이엔터테인먼트","플러스 엔터테인먼트,(주)콘텐츠지오",15세이상관람가,"액션,드라마",강윤성,"김래원,원진아,진선규,최귀화,최무성,주진모,장지건,정원중,이성우,김홍표,민무제,김동현,차엽,남승화,노진영,마동석,길해연,박용,서문호,서영민,김귀선,박주운,김동민,신미영,배해선,신혜경,안지혜,유희제,윤계상,김서현,윤병희,김수안,윤재인,임효진,공태원,이선영,홍범기,김형욱,조미초,홍지석,홍진기,차우진,이찬수,황인성,정기용,김승희,김시윤,정동훈,조한나,주영호,이기창,진선규,차민경,금광산,이도군,김구택,김대흥,이동철,하수호,김보정,김필,이용이,정수연,한상철,이병수,정시후,남상덕,주진무,남택근,문정환,진모,유태근,유태선,정선철,정수원,정윤성,민지호,정승균,정은경,신영옥,신용선,이규호,정환욱,박수지,김지은,이원민,이은미,최재환,배송이,박찬양,박천국,최지호,임철영,임형섭,임형준,장덕출,송욱경,장유빈,송해구,홍이주,황정인,홍기준,신용욱,정수현"
98,퍼시픽 림: 업라이징,2018-03-21,8962712795,0.002,8962712795,1077235,1077235,1145,49600,미국,미국,,유니버설픽쳐스인터내셔널 코리아(유),15세이상관람가,"액션,어드벤처,SF",스티븐 S. 드나이트,"존 보예가,스콧 이스트우드,케일리 스패니,아드리아 아르호나,번 고먼,찰리 데이,경첨,키쿠치 린코"
99,몬스터 호텔 3,2018-08-08,7934082800,0.002,7934082800,1072220,1072220,715,21247,미국,미국,,소니픽쳐스엔터테인먼트코리아주식회사극장배급지점,전체관람가,"애니메이션,코미디,가족,판타지", 디 타타코브스키,"아담 샌들러,셀레나 고메즈,앤디 샘버그,스티브 부세미,케빈 제임스,캐서린 한"
100,지오스톰,2017-10-19,8480864614,0.002,8480864614,1028384,1028384,854,35453,미국,미국,,워너브러더스 코리아(주),12세이상관람가,"액션,SF,스릴러","딘 데블린,대니 캐넌","캐서린 윈닉,제라드 버틀러,짐 스터게스,애비 코니시,앤디 가르시아"
101,더 넌,2018-09-19,8777844795,0.002,8777844795,1011580,1011580,824,32736,미국,미국,,워너브러더스 코리아(주),15세이상관람가,공포(호러),코린 하디,"타이사 파미가,데미안 비쉬어,보니 아론스,샬롯 호프"
102,스카이스크래퍼,2018-07-11,8612111718,0.002,8612111718,1002858,1002858,831,40862,미국,미국,,유니버설픽쳐스인터내셔널 코리아(유),12세이상관람가,"액션,스릴러",로슨 마샬 터버,"드웨인 존슨,파블로 쉬레이버,니브 캠벨,바이런 만,친 한"
103,염력,2018-01-31,7484644112,0.002,7484644112,990104,990104,1099,45623,한국,한국,(주)영화사레드피터,(주)넥스트엔터테인먼트월드(NEW),15세이상관람가,"드라마,코미디",연상호,"이우룡,류승룡,김기범,심은경,박정민,김민재,정유미,이승용,예수정,이기환,이동근,김재원,백성욱,이재현,이정은,김주연,이지혜,이지훈,이현정,김흥태,나성식,박재규,조웅희,김기천,김기철,김기범,김대근,최영우,최지연,황영수,윤돈선,태항호,강덕중,김시우,엄지만,이지혜"
104,스타워즈: 라스트 제다이,2017-12-14,8666688961,0.002,8666688961,959577,959577,1107,31231,미국,미국,,월트디즈니컴퍼니코리아 유한책임회사,12세이상관람가,"액션,어드벤처,판타지,SF",라이언 존슨,"마크 해밀,캐리 피셔,아담 드라이버,데이지 리들리,존 보예가,오스카 아이삭,루피타 뇽오,앤디 서키스,도널 글리슨,안소니 다니엘,그웬돌린 크리스티,켈리 마리 트란,로라 던,베니치오 델 토로"
105,인랑,2018-07-25,7006622673,0.002,7006622673,898945,898945,1085,25427,한국,한국,(주)루이스 픽쳐스,워너브러더스 코리아(주),15세이상관람가,"SF,액션",김지운,"강동원,김지아,한효주,김준범,윤호림,민일홍,정우성,김무열,최민호,한예리,신은수,허준호,문예원,김현준,이가경,박형수,전여빈,김기태,이동하,김재영,이승진,이시형,서영민,선호삼,이진한,이찬희,이확광,임서영,안성봉,양도현,김현창,박영서,박주희,정원종,조아라,김기범,최진호,김성호,김성호,김우진,소윤호,정기섭,정원중,장원형,최진호,허지원,옥자연,홍인,권혁범,김시원,전광진,손경원,김조운,김도율,김예은,김종태,김태윤,조윤담,박재한"
106,존  3: 파라벨룸,2019-06-26,7623666522,0.002,7623666522,893392,893392,849,26829,미국,미국,,"와이드 릴리즈(주),(주)제이앤씨미디어그룹,TCO(주)더콘텐츠온",청소년관람불가,"액션,범죄,스릴러",채드 스타헬스키,"키아누 리브스,할리 베리,로렌스 피쉬번,이안 맥쉐인"
107,그것,2017-09-06,7335022607,0.002,7335022607,888836,888836,837,35430,미국,미국,,워너브러더스 코리아(주),15세이상관람가,"공포(호러),드라마",안드레스 무시에티,"오웬 티그,빌 스카스가드,핀 울프하드,하비에르 보텟,소피아 릴리스"
108,극장판 헬로카봇 : 백악기 시대,2018-08-01,6591155500,0.002,6591155500,879682,879682,758,16178,한국,한국,(주)초이락컨텐츠팩토리,(주)넥스트엔터테인먼트월드(NEW),전체관람가,애니메이션,"최신규,김진","이지현,김용준,양정화,홍범기,엄상현,사문영,위훈,민응식,신용우,안소이,한신,이현,김상백,임정길,김두용,이지현,한"
109,오리엔트 특급 살인,2017-11-29,6645385163,0.002,6645385163,864757,864757,707,35102,미국,미국,,이십세기폭스코리아(주),12세이상관람가,"드라마,미스터리,범죄",케네스 브래너,"케네스 브래너,페넬로페 크루즈,윌렘 데포,주디 덴치,조니 뎁,조시 게드,데렉 자코비,미셀 파이퍼,데이지 리들리"
110,엑스맨: 다크 피닉스,2019-06-05,7648392640,0.002,7648392640,862669,862669,991,29385,미국,미국,,이십세기폭스코리아(주),12세이상관람가,"액션,어드벤처,SF",사이먼 킨버그,"제임스 맥어보이,마이클 패스벤더,제니퍼 로렌스,니콜라스 홀트,소피 터너,타이 쉐리던,에반 피터스,제시카 차스테인"
111,맨 인 블랙: 인터내셔널,2019-06-12,7450281970,0.002,7450281970,850280,850280,1151,40467,미국,미국,,롯데컬처웍스(주)롯데엔터테인먼트,12세이상관람가,"액션,코미디,SF",F. 게리 그레이,"크리스 헴스워스,테사 톰슨,리암 니슨,엠마 톰슨"
112,뽀로로 극장판 공룡섬 대모험,2017-12-07,6228606300,0.002,6228606300,827338,827338,803,19949,한국,한국,(주)오콘,(주)넥스트엔터테인먼트월드(NEW),전체관람가,애니메이션,"김현호,윤제완","이선,이미자,함수정,홍소영,정미숙,김서영,김환진,엄상현"
113,베이비 드라이버,2017-09-14,6707502214,0.002,6707502214,823624,823624,778,40566,영국,영국,,소니픽쳐스엔터테인먼트코리아주식회사극장배급지점,15세이상관람가,"액션,범죄,스릴러",에드가 라이트,"안셀 엘고트,케빈 스페이시,릴리 제임스,에이사 곤잘레스,존 햄,제이미 폭스"
114,레슬러,2018-05-09,6481379657,0.002,6481379657,771141,771141,957,43079,한국,한국,(주)안나푸르나필름,롯데쇼핑㈜롯데엔터테인먼트,15세이상관람가,"드라마,코미디",김대,"한도진,유해진,이성경,김민재,나문희,성동일,진경,황우슬혜,박규영,이한서,최유화,이예원,이배,이미경,배수현,이윤호,이주한,김진철,김태윤,김희원,정혜경,김명희,한경미,김민혜,양현민,현봉식,김태훈,김강현,오정세,박성범,정승호"
115,상류사회,2018-08-29,6313416163,0.002,6313416163,768442,768442,867,41725,한국,한국,(주)하이브미디어코프,롯데컬처웍스(주)롯데엔터테인먼트,청소년관람불가,드라마,변혁,"신현숙,박해일,수애,윤제문,라미란,이진욱,김규선,한주영,김강우,이강진,이수민,이수일,이수정,김정현,백승환,이정철,김준희,이현승,김지현,김근영,김진성,김진호,김태희,김현미,양정인,김형석,여상은,윤정희,문형수,임용순,박성훈,박아영,장혁진,정승준,박주희,정자영,박지원,정현석,조준희,김경민,김다솜,김다정,김대근,김동욱,김디나,최정윤,한지은,한희정,한희정,황지현,김미희,김선희,김시원,김성준,김건우,강기영,주예지,김승훈,이홍내,남기애,백현진,한이진,김성준,김상욱,김채원,송원수"
116,뽀로로 극장판 보물섬 대모험,2019-04-25,5882425900,0.002,5882425900,766065,766065,797,20059,한국,한국,(주)오콘,(주)넥스트엔터테인먼트월드(NEW),전체관람가,"애니메이션,가족","김현호,윤창섭,김현호","이선,이미자,김현지,홍소영,정미숙,김서영,김환진,남도형,정승욱,이장원,황창영,김환진,남도형,황창영"
117,물괴,2018-09-12,6106452954,0.002,6106452954,723622,723622,1183,46022,한국,한국,(주)태원엔터테인먼트,"롯데컬처웍스(주)롯데엔터테인먼트,(주)키다리이엔티",15세이상관람가,"액션,사극",허종호,"한도진,김명민,김준범,김인권,이혜리,최우식,박성웅,박희순,이경영,이강진,이규현,이기창,이정훈,이정훈,김종윤,김주연,이찬유,김학충,김혜린,김호진,오진호,유병선,윤보현,박건우,박소은,정자영,박하현,강태영,정효경,조원희,최윤지,최윤지,최재욱,김성수,김용호,김영철,이서준,이양희,김규백,최교식,엄지만,추연규,강성훈,이상협,이상철,박정규,오진호"
118,스파이더맨: 뉴 유니버스,2018-12-12,6008476176,0.002,6008476176,723450,723450,722,25120,미국,미국,,소니픽쳐스엔터테인먼트코리아주식회사극장배급지점,12세이상관람가,"애니메이션,액션,가족","밥 퍼시케티,피터 램지,로드니 로스맨","샤메익 무어,헤일리 스테인펠드,니콜라스 케이지,제이크 존슨,리브 슈라이버,마허샬라 알리"
119,미쓰백,2018-10-11,6047393066,0.002,6047393066,723010,723010,671,41969,한국,한국,영화사 배,(주)리틀빅픽쳐스,15세이상관람가,드라마,이지원,"한지민,김시아,이희준,권소현,백수장,장영남,김선영,이주영,이정은,전석호,조민준,윤송아,이승민,신수정,이지원,김지혜,김지희,박지선,강가미,김미선,김민기,한용환,김보민,김호창,김보민"
120,명탐정 피카츄,2019-05-09,5730788546,0.002,5730788546,686809,686809,817,25776,미국,미국,,워너브러더스 코리아(주),전체관람가,"액션,어드벤처,코미디",롭 레터맨,"라이언 레이놀즈,저스티스 스미스,캐서린 뉴튼,수키 워터하우스,빌 나이,와타나 켄"
121,신비아파트: 금빛 도깨비와 비밀의 동굴,2018-07-25,5001247250,0.001,5001247250,678091,678091,762,16175,한국,한국,"(주)씨제이이엔엠,(주)칵테일 미디어",(주)씨제이이엔,전체관람가,"애니메이션,판타지,어드벤처",김병갑,"조현정,김영은,김채하,신용우,여민정,심규혁,이상호,이소은,정유정,김율,최재호"
122,퍼스트맨,2018-10-18,6100564739,0.002,6100564739,665984,665984,1190,40615,미국,미국,,유니버설픽쳐스인터내셔널 코리아(유),12세이상관람가,"SF,드라마",데이미언 셔젤,"라이언 고슬링,클레어 포이,제이슨 클락,카일 챈들러,패트릭 후짓,시아란 힌즈,에단 엠브리,쉐어 위햄,코리 스톨,파블로 쉬레이버"
123,샤잠!,2019-04-03,5743398797,0.002,5743398797,657294,657294,1148,45003,미국,미국,,워너브러더스 코리아(주),12세이상관람가,액션,데이비드 F. 샌드버그,"제커리 리바이,애셔 앤젤,잭 딜런 그레이저,마크 스트롱"
124,47 미터,2017-07-19,4686079657,0.001,4686079657,590045,590045,733,20457,영국,영국,,(주)키다리이엔티,15세이상관람가,"스릴러,공포(호러)",요하네스 로버,"맨디 무어,클레어 홀트,매튜 모딘"
125,극장판 헬로카봇: 옴파로스 섬의 비밀,2019-01-31,4485905140,0.001,4485905140,575353,575353,752,15826,한국,한국,(주)초이락컨텐츠팩토리,(주)넥스트엔터테인먼트월드(NEW),전체관람가,애니메이션,"최신규,김진","이지현,김용준,양정화,사문영,홍범기,이현,시영준,엄상현,임정길,서윤선,시영준,홍범기,김용준"
126,이스케이프 룸,2019-03-14,5007420664,0.001,5007420664,563114,563114,850,29219,미국,미국,,소니픽쳐스엔터테인먼트코리아주식회사극장배급지점,15세이상관람가,"액션,공포(호러),스릴러",애덤 로비텔,"테일러 러셀,로건 밀러,제이 엘리스,타일러 라빈,데보라 앤 월,닉 도다니"
127,인시디어스4: 라스트 키,2018-01-31,4301309864,0.001,4301309864,554521,554521,769,23869,미국,미국,,소니픽쳐스엔터테인먼트코리아주식회사극장배급지점,15세이상관람가,"공포(호러),미스터리,스릴러",애덤 로비텔,"스펜서 로크,린 샤예,조시 스튜어트,하비에르 보텟"
128,그린치,2018-12-19,4188538900,0.001,4188538900,552970,552970,724,13499,미국,미국,,유니버설픽쳐스인터내셔널 코리아(유),전체관람가,"애니메이션,코미디",스콧 모시어,베네딕트 컴버배치
129,점박이 한반도의 공룡2 : 새로운 낙원,2018-12-25,4293746800,0.001,4293746800,550145,550145,672,12584,한국,한국,(주)드림써치C&C,(주)넥스트엔터테인먼트월드(NEW),전체관람가,애니메이션,한상호,"박희순,라미란,김성균,김경진,김재훈,김흥래,윤정화,이민규,이준호,이호준,최윤정,김응수,박중금,장유화"
130,툼레이더,2018-03-08,4500905762,0.001,4500905762,540410,540410,806,31823,미국,미국,,워너브러더스 코리아(주),12세이상관람가,"액션,어드벤처",로아 우타우,"알리시아 비칸데르,크리스틴 스콧 토마스,월튼 고긴스,도미닉 웨스트,오언조"
131,메리와 마녀의 꽃,2017-12-07,4066564739,0.001,4066564739,535669,535669,751,21405,일본,일본,,CGV아트하우스,전체관람가,"애니메이션,어드벤처",요네바야시 히로마사,"스기사키 하나,카미키 류노스케"
132,페르디난드,2018-01-03,3866466500,0.001,3866466500,535434,535434,698,13798,미국,미국,,이십세기폭스코리아(주),전체관람가,"애니메이션,어드벤처,코미디",카를로스 살다나,"존 시나,케이트 맥키넌,데이비드 테넌트,바비 카나베일,미구엘 앙겔 실베스트르,지나 로드리게즈"
133,버닝,2018-05-17,4716771098,0.001,4716771098,528435,528435,739,26514,한국,한국,"파인하우스필름(주),나우필름(주)",CGV아트하우스,청소년관람불가,미스터리,이창동,"유아인,스티븐 연,전종서,이고운,이수정,배민정,이승호,이영석,김정은,김정현,이현수,김지은,김지현,김현우,유혜승,문성근,임용순,조용준,최선호,최선호,김건희,김명호,함선일,김민성,김수경,김민희,김민지,이봉련,장원형,이중옥,옥자연,조용준,유정호,김홍기"
134,7년의 밤,2018-03-28,3969337524,0.001,3969337524,528007,528007,872,26804,한국,한국,"(주)바른손,(주)씨제이이엔",(주)씨제이이엔,15세이상관람가,"스릴러,드라마",추창민,"류승룡,장동건,송새벽,고경표,이레,탕준상,이상희,문정희,서현우,이동희,이상민,이상영,이성훈,김재철,이정현,김주하,이호준,김효인,박노찬,장승화,박정숙,박정주,최대룡,김현,김은경,김원진,김병석,민진웅,이정현,전배수,이란희,최광일,김비비,정인겸,엄지만,신현빈,지한아,최원,이동민,서병철,권유준"
135,메가로돈,2018-08-15,4516122497,0.001,4516122497,527962,527962,601,16459,미국,미국,,워너브러더스 코리아(주),12세이상관람가,"액션,공포(호러),SF",존 터틀타웁,"제이슨 스타뎀,리빙빙"
136,콰이어트 플레이스,2018-04-12,4580889849,0.001,4580889849,526073,526073,677,30760,미국,미국,,롯데쇼핑㈜롯데엔터테인먼트,15세이상관람가,"공포(호러),스릴러,드라마",존 크래신스키,"에밀리 블런트,존 크래신스키,노아 주프,밀리센트 시몬스"
137,호두까기 인형과 4개의 왕국,2018-12-06,4153747200,0.001,4153747200,518272,518272,294,14412,미국,미국,,월트디즈니컴퍼니코리아 유한책임회사,전체관람가,"판타지,드라마","라세 할스트롬,조 존스톤","키이라 나이틀리,매켄지 포이,헬렌 미렌,모건 프리먼,매튜 맥퍼딘"
138,발레리안: 천 개 행성의 도시,2017-08-30,4047756408,0.001,4047756408,511931,511931,629,23405,프랑스,프랑스,,판씨네마(주),12세이상관람가,"액션,어드벤처,SF",뤽 베송,"데인 드한,카라 델러비인,리한나,클라이브 오웬"
139,극장판 포켓몬스터 너로 정했다!,2017-12-21,3814315500,0.001,3814315500,509555,509555,626,10449,일본,일본,,(주)이수C&E,전체관람가,"애니메이션,어드벤처,가족",유야마 쿠니히코,
140,셰이프 오브 워터: 사랑의 모양,2018-02-22,4221336050,0.001,4221336050,507412,507412,404,20203,미국,미국,,"이십세기폭스코리아(주),월트디즈니컴퍼니코리아 유한책임회사",청소년관람불가,"어드벤처,판타지",기예르모 델 토로,"샐리 호킨스,마이클 섀넌,리차드  킨스,더그 존스,마이클 스털버그,옥타비아 스펜서"
141,침묵,2017-11-02,3930219264,0.001,3930219264,494097,494097,634,23228,한국,한국,(주)용필름,(주)씨제이이엔,15세이상관람가,드라마,정지우,"최민식,박신혜,류준열,이하늬,박해준,조한철,이수경,박성희,박태강,박호산,송준,안성봉,채현우,이연,이태형,임승묵,박규영,남명렬,박형수,김대현,서현우,김수진,강신철,김영재,장원형,박지연,권은수,오아연,이민웅,백종승,윤재인,한사명,전운종,박중금,양현진,진현광,이정민,이정민,이상"
142,곰돌이 푸 다시 만나 행복해,2018-10-03,4093369860,0.001,4093369860,492201,492201,536,21601,미국,미국,,월트디즈니컴퍼니코리아 유한책임회사,전체관람가,어드벤처,마크 포스터,"이완 맥그리거,헤일리 앳웰,마크 게티스,짐 커밍스,크리스 오다우드,소피 오코네도"
143,스타 이즈 본,2018-10-09,4264330060,0.001,4264330060,491857,491857,555,26045,미국,미국,,워너브러더스 코리아(주),15세이상관람가,"드라마,멜로/로맨스",브래들리 쿠퍼,"브래들리 쿠퍼,레이디 가가,샘 엘리엇,그렉 그룬버그"
144,변산,2018-07-04,4016562273,0.001,4016562273,490519,490519,763,27504,한국,한국,변산문화산업전문(유),플러스 엔터테인먼트,15세이상관람가,드라마,이준익,"박정민,김고은,장항선,고준,신현빈,정규수,김준한,배제기,최정헌,한별,김형주,차순배,신문성,이세랑,이고은,이민섭,이성호,방준석,김정현,이재성,이정현,김지성,이현정,이혜원,김진표,김형주,김희주,박수연,박지선,강현구,고유,정호연,차신혜,김민식,최정현,김세겸,김수정,박수연,던밀스,류성현,임성재,백현진,이승훈"
145,카3: 새로운 도전,2017-07-13,3555898501,0.001,3599544501,483152,487916,800,14891,미국,미국,,월트디즈니컴퍼니코리아 유한책임회사,전체관람가,"애니메이션,어드벤처,코미디,가족",브라이언 피,"아미 해머,나단 필리온,오웬 윌슨"
146,박열,2017-06-28,3565738599,0.001,18095620795,473660,2359547,710,24296,한국,한국,(유)박열문화전문회사,플러스 엔터테인먼트,12세이상관람가,드라마,이준익,"이제훈,최희서,김인우,권율,민진웅,이형석,박진성,배정환,서동기,정무진,정승채,조박,윤재국,이경수,이동욱,이병훈,이성규,이승환,이신우,이영상,이재성,이정현,이종민,홍준석,달시 파켓,김준한,최정헌,백수장,이정현,정준원,류성현,박기륭,김성철,정태야,김희상,손준영"
147,글래스,2019-01-17,4277452982,0.001,4277452982,466475,466475,837,24194,미국,미국,,월트디즈니컴퍼니코리아 유한책임회사,15세이상관람가,"드라마,미스터리,SF,스릴러",M. 나이트 샤말란,"제임스 맥어보이,브루스 윌리스,사무엘 L. 잭슨,안야 테일러 조이,사라 폴슨"
148,동네사람들,2018-11-07,3818515112,0.001,3818515112,461693,461693,731,23598,한국,한국,(주)에이치에스이디,(주)리틀빅픽쳐스,15세이상관람가,"액션,스릴러",임진순,"마동석,김새론,이상엽,진선규,장광,신세휘,오희준,배진아,이광기,이상훈,이태규,김지은,안성일,양기원,강민준,김다영,김대현,김동환,최정현,최혜진,김새벽,김송이,김수영,손영순,이상희,권혁범,서문호,김유라"
149,명탐정 코난:진홍의 연가,2017-08-02,3271989761,0.001,3271989761,450482,450482,582,9765,일본,일본,,(주)씨제이이엔,12세이상관람가,애니메이션,시즈노 코분,
150,원더풀 고스트,2018-09-26,3720939600,0.001,3720939600,450378,450378,351,14003,한국,한국,(주)데이드림엔터테인먼트,"(주)제이앤씨미디어그룹,TCO(주)더콘텐츠온",12세이상관람가,"코미디,드라마,범죄",조원희,"마동석,김영광,이유영,이서진,김정수,이승창,이영석,서정훈,서준호,이태규,김지은,김지은,류성철,윤성민,박근수,정재헌,최유리,김민석,김선문,김선웅,김영환,김동준,한창현,차래형,한성천,곽진석,김선경"
151,반드시 잡는다,2017-11-29,3326439772,0.001,3326439772,446780,446780,565,24559,한국,한국,"(주)에이디사공육,씨네주 유한회사",(주)넥스트엔터테인먼트월드(NEW),15세이상관람가,스릴러,김홍,"백윤식,성동일,천호진,배종옥,조달환,김혜인,박형수,손종학,이칸희,박지현,이정은,조건희,이재윤,천준호,강병희,권인호,선호삼,강말금,신문성,오희준,유수빈,손성찬,유재명,이민웅,승의열,김현,조현식,김민상,정성일,이도국,정유민"
152,애나벨 집으로,2019-06-26,3550828890,0.001,3550828890,428248,428248,653,14462,미국,미국,,워너브러더스 코리아(주),15세이상관람가,"공포(호러),미스터리,스릴러",게리 도버먼,"패트릭 윌슨,베라 파미가,맥케나 그레이스,매디슨 아이스먼"
153,명탐정 코난 : 제로의 집행인,2018-08-08,3207824361,0.001,3207824361,419775,419775,542,9810,일본,일본,,(주)씨제이이엔,12세이상관람가,애니메이션,타치카와 유즈루,"타카야마 미나미,야마자키 와카나,코야마 리키야,푸루야 토루"
154,흥부: 글로 세상을 바꾼 자,2018-02-14,3381050200,0.001,3381050200,416303,416303,627,18671,한국,한국,"(주)영화사 궁,(주)발렌타인필름",롯데쇼핑㈜롯데엔터테인먼트,12세이상관람가,사극,조근현,"정우,김규백,김명준,김주혁,정진영,김원해,정상훈,정해인,곽동연,천우희,진구,지웅배,김태준,김현목,이은,이상영,이상영,이소라,이예진,이용출,이유진,이재석,이재윤,이정민,김정훈,송은지,이진경,이진경,이태영,김지호,김태준,김하은,김현민,김현서,김현정,김혜림,염재민,유병선,윤석진,박가영,박윤호,전현우,박정수,박정우,정연수,박지영,박지혜,정지우,김호경,강동우,최동욱,권유진,최유리,최정은,최진우,최은지,홍진기,김성현,김수혁,김원진,김아영,김선권,김정현,강하늘,김경덕,한사명,박중금,이랑,정지우,손종민,김민석,김상욱,왕정현"
155,해피 데스데이 2 ,2019-02-14,3437809200,0.001,3437809200,412850,412850,657,18254,미국,미국,,유니버설픽쳐스인터내셔널 코리아(유),15세이상관람가,"공포(호러),코미디",크리스토퍼 랜던,"제시카 로테,이스라엘 브로우사드"
156,넛잡 2,2017-10-03,3069388100,0.001,3069388100,411787,411787,526,10449,한국,"한국,캐나다,중국","(주)레드로버,툰박스 엔터테인먼트",롯데쇼핑㈜롯데엔터테인먼트,전체관람가,"애니메이션,어드벤처,코미디,가족",캘런 브런커,"윌 아넷,캐서린 헤이글,성룡,이사벨라 모너"
157,극장판 공룡메카드: 타이니소어의 섬,2019-01-10,3141492420,0.001,3141492420,410273,410273,763,15121,한국,한국,(주)초이락컨텐츠팩토리,(주)넥스트엔터테인먼트월드(NEW),전체관람가,애니메이션,"최신규,유재운","김서영,엄상현,안현서,김장,홍범기,양정화,여민정,이장원,한신,서유리,정선혜,소정환,김은아,민승우,심규혁,정혜원,홍진욱,김장,안현서,양정화"
158,아메리칸 메이드,2017-09-14,3175539145,0.001,3175539145,401541,401541,691,26356,미국,미국,,유니버설픽쳐스인터내셔널 코리아(유),15세이상관람가,"범죄,액션",더그 라이만,"톰 크루즈,도널 글리슨,사라 라이트,제시 플레먼스"
159,몬스터 패밀리,2017-12-21,2941183700,0.001,2941183700,397633,397633,617,8183,독일,독일,,(주)키다리이엔티,전체관람가,애니메이션,호거 태프,"에밀리 왓슨,닉 프로스트"
160,피터 래빗,2018-05-16,3006258100,0.001,3006258100,388300,388300,599,12522,미국,"미국,영국,호주",,소니픽쳐스엔터테인먼트코리아주식회사극장배급지점,전체관람가,"애니메이션,가족",윌 글럭,"도널 글리슨,로즈 번,샘 닐"
161,대장 김창수,2017-10-19,2879121115,0.001,2879121115,381483,381483,748,21745,한국,한국,"(주)비에이엔터테인먼트,(주)무비스퀘어","(주)키다리이엔티,주식회사 키위컴퍼니",12세이상관람가,드라마,이원태,"조진웅,송승헌,정만식,정진영,신정근,유승목,정규수,이서원,곽동연,박소담,박재영,박정숙,박지훈,서주연,최서윤,이신우,이원태,이정철,이정현,홍재식,황정용,염혜란,오안진,한성천,이정현,전배수,배진웅,김시우,김재영,황재필,차영우,전정일"
162,고질라: 킹 오브 몬스터,2019-05-29,3085036318,0.001,3085036318,359041,359041,923,15867,미국,미국,,워너브러더스 코리아(주),12세이상관람가,"액션,어드벤처,SF",마이클 도허티,"밀리 바비 브라운,베라 파미가,카일 챈들러,샐리 호킨스,와타나 켄,장쯔이"
163,플립,2017-07-12,2823327700,0.001,2829970900,355017,355781,249,13181,미국,미국,,(주)팝엔터테인먼트,12세이상관람가,"드라마,멜로/로맨스",롭 라이너,"매들린 캐롤,캘런 맥오리피"
164,극장판 짱구는 못말려: 아뵤! 쿵후 보이즈 ~라면 대란~,2018-12-19,2735399650,0.001,2735399650,353012,353012,489,7755,일본,일본,,(주)씨제이이엔,전체관람가,애니메이션,타카하시 와타루,"박영남,강희선,김환진,여민정,정유미,정혜옥,이용신,한채언,윤여진,홍범기,정혜원,박리나,김율,이호산,김현심"
165,7호실,2017-11-15,2677516639,0.001,2677516639,347823,347823,629,21853,한국,한국,(주)명필름,롯데쇼핑㈜롯데엔터테인먼트,15세이상관람가,코미디,이용승,"신하균,도경수,김동영,김종수,김종구,박수영,전석호,황정민,정희태,김도윤,정승길,박소영,조민성,윤세현,이광기,이재혁,김성종,우지현,박근록,최무성,김지영,이서환,박신아"
166,덤보,2019-03-27,2775096512,0.001,2775096512,345521,345521,797,17627,미국,미국,,월트디즈니컴퍼니코리아 유한책임회사,전체관람가,"가족,판타지",팀 버튼,"콜린 파렐,마이클 키튼,대니 드비토,에바 그린"
167,러브 유어셀프 인 서울,2019-01-26,3209682900,0.001,3209682900,342366,342366,224,4535,한국,한국,"빅히트 엔터테인먼트,씨제이 씨지브이(CJ CGV)(주)",씨제이 씨지브이(CJ CGV)(주),전체관람가,공연,,"김남준,김석진,민윤기,정호석,박지민,김태형,전정국"
168,허스토리,2018-06-27,2521025949,0.001,2521025949,336822,336822,696,20406,한국,한국,(주)수필름,(주)넥스트엔터테인먼트월드(NEW),12세이상관람가,드라마,민규동,"김희애,김해숙,예수정,문숙,이용녀,김준한,이유영,안세하,손강국,윤효진,이선민,이승연,손승훈,이현동,이형석,임서영,안진영,김혜림,오진호,민주홍,박수진,박용수,정미경,박정헌,정은택,김명희,하성영,김선영,김성환,김시영,김시영,박명신,한지민,이설,최병모,정인기,김혜준,오창경,김인우,임선우,박진수,박정규,오진호"
169,극장판 짱구는 못말려 : 습격!! 외계인 덩덩이,2017-07-20,2418607200,0.001,2418607200,333184,333184,547,7619,일본,일본,,(주)씨제이이엔,전체관람가,애니메이션,하시모 마사카즈,"박영남,양정화,김환진,강희선,여민정,정유미,정혜옥,이장원"
170,희생부활자,2017-10-12,2515479835,0.001,2515479835,323628,323628,781,23596,한국,한국,"(주)영화사 신세계,(주)바른손이앤에이",(주)쇼박스,15세이상관람가,"미스터리,스릴러",곽경택,"김래원,김해숙,성동일,전혜진,장영남,박은혜,장성훈,전인한,정현수,오세진,이승진,함영준,이주연,이준혁,이확광,김성구,이지원,오대환,현봉식,전광진,강소연,이언수"
171,헬보이,2019-04-10,2776406321,0.001,2776406321,323098,323098,726,26506,미국,미국,,플러스 엔터테인먼트,청소년관람불가,"액션,어드벤처,판타지",닐 마샬,"데이빗 하버,밀라 요보비치,이안 맥쉐인,대니얼 대 킴"
172,블레이드 러너 2049,2017-10-12,2774970765,0.001,2774970765,322664,322664,664,16865,미국,미국,,소니픽쳐스엔터테인먼트코리아주식회사극장배급지점,15세이상관람가,"SF,액션",드니 빌뇌브,"라이언 고슬링,해리슨 포드,아나 디 아르마스,실비아 획스,자레드 레토,데이브 바티스타,로빈 라이트,맥켄지 데이비스,레니 제임스,우드 해리스,데이비드 다스트말치안,카를라 주리,히암 압바스"
173,빅풋 주니어,2017-08-09,2260352900,0.001,2260352900,320545,320545,437,8128,벨기에,"벨기에,프랑스",,(주)이수C&E,전체관람가,"애니메이션,어드벤처,가족","제레미 드그루손,벤 스타센","우정신,임채헌"
174,덕구,2018-04-05,2390578700,0.001,2390578700,315882,315882,544,19008,한국,한국,"(주)영화사두둥,(주)빅오션이엔",플러스 엔터테인먼트,전체관람가,드라마,방수인,"이순재,정지훈,장광,성병숙,차순배,박지윤,윤송아,이현,이도현,김현우,박민정,박윤호,정재훈,김보연,김수민,전소현,정기섭,류성현,엄현주"
175,번 더 스테이지: 더 무비,2018-11-15,2671391900,0.001,2671391900,315010,315010,243,4714,한국,한국,"빅히트 엔터테인먼트,(주)캠프엔터테인먼트",월트디즈니컴퍼니코리아 유한책임회사,전체관람가,기타,박준수,"김남준,김석진,민윤기,정호석,박지민,김태형,전정국,방시혁,윤석준"
176,트루스 오어 데어,2018-05-22,2647330400,0.001,2647330400,310956,310956,530,17066,미국,미국,,유니버설픽쳐스인터내셔널 코리아(유),15세이상관람가,"공포(호러),스릴러",제프 와드로,"루시 헤일,타일러 포시,바이올렛 빈,놀런 제라드 펑크,헤이 제토,브래디 스미스,샘 러너"
177,미성년,2019-04-11,2493769950,0.001,2493769950,293258,293258,673,27310,한국,한국,"(주)영화사레드피터,(주)스튜디오 산타클로스엔터테인먼트",(주)쇼박스,15세이상관람가,드라마,김윤석,"염정아,김소진,김혜준,박세진,김윤석,김희원,이희준,염혜란,이정은,미람,김혜윤,정이랑,정종준,전수빈,우민규,김대우,곽재훈,손유리,박예림,차상미,권유나,손가현,전승유,박중신,유창한,박화영,서병철,성도현,신치영,신하준,유미진,유순웅,여이레,김현석,김현숙,이상홍,곽나연,이상희,허다정,이준하,이지성,홍희자,황동욱,김종윤,김종한,황재열,정기욱,김영주,이명하,김왕도,주재윤,이윤재,송은정"
178,배심원들,2019-05-15,2301447090,0.001,2301447090,287752,287752,784,20262,한국,한국,반짝반짝영화사(주),CGV아트하우스,12세이상관람가,드라마,홍승완,"문소리,박형식,백수장,김미경,윤경호,서정연,조한철,조수향,권해효,김홍파,태인호,이해운,서진원,이영진,최영우,서현우,이용이,심달기,유순웅,김학선,고서희,정도원,염동헌,이서준,김선영,이규형,구윤회,한연희,임형택,김무령,이향란,우가은,유나,문창준,서영지,노지원,도준석,이한석,천찬양,이효순,이주윤,박건용,정다온,류덕환,민혜선,박재완,서영주,서정암,김나경,김동혁,김명진,신치영,양재훈,김상균,김상준,김상훈,이정훈,이주한,최영우,이지호,이승주,김지한,최현주,김지호,이현지,이현지,강진수"
179,커뮤터,2018-01-24,2286690955,0.001,2286690955,286062,286062,575,16145,영국,"영국,미국",,플러스 엔터테인먼트,15세이상관람가,액션,자움 콜렛 세라,"리암 니슨,베라 파미가,패트릭 윌슨,샘 닐"
180,신데렐라:마법 반지의 비밀,2019-02-20,2113630240,0.001,2113630240,284755,284755,575,9971,미국,미국,,예지림엔터테인먼트,전체관람가,"애니메이션,판타지",린 사우더랜드,"사문영,김혜성,남도형,시영준,김경희,민아,탁원정"
181,후드,2018-11-28,2203434149,0.001,2203434149,284601,284601,628,14338,미국,미국,,(주)이수C&E,12세이상관람가,어드벤처,오 바서스트,"태런 에저튼,제이미 폭스,벤 멘델슨,제이미 도넌,이브 휴슨,폴 W.S. 앤더슨"
182,모털 엔진,2018-12-05,2329489119,0.001,2329489119,268921,268921,661,15472,미국,미국,,유니버설픽쳐스인터내셔널 코리아(유),12세이상관람가,"액션,어드벤처,SF",크리스찬 리버스,"헤라 힐마,로버트 시한,휴 위빙,지혜,스티븐 랭"
183,해리포터와 마법사의 돌,2001-12-13,2349913000,0.001,2349913000,267950,267950,33,3929,미국,미국,,워너브러더스 코리아(주),전체관람가,"가족,판타지",크리스 콜럼버스,"다니엘 래드클리프,엠마 왓슨,루퍼트 그린트"
184,나를 차버린 스파이,2018-08-22,2346742100,0.001,2346742100,264766,264766,278,12987,미국,미국,,(주)누리픽쳐스,15세이상관람가,"액션,코미디",수잔나 포겔,"밀라 쿠니스,케이트 맥키넌"
185,기묘한 가족,2019-02-13,2119306275,0.001,2119306275,263322,263322,625,15311,한국,한국,"씨네주 유한회사,오스카10스튜디오",플러스 엔터테인먼트,12세이상관람가,"코미디,가족",이민재,"정재영,김남길,엄지원,이수경,정가람,박인환,장세아,김지안,장지건,오안진,이성우,전배수,오의식,황우상,정용구,강운,유독현,백송희,홍예서,장혜은,이라온,변주우,박솜이,신주현,김이라,안미라,고동형,강민구,박기루,이범직,한규칠,배주혜,유은조,나병기,정종한,임승하,안세일,심국보,성창호,손정수,지원석,곽한훈,김봉수,김기천,나애진,박경혜,노혜영,류경인,곽성은,김가빈,서문호,김다솜,박태진,박혜숙,송현욱,김만호,김미나,김민,김민상,안소영,안지원,김민희,유병선,유병선,김상현,오제근,김선화,오진호,지환,장민영,이상훈,최영민,이성훈,최유진,조민지,김혜지,김정원,조아라,이소연,이수경,김종기,이수아,윤정일,김승비,조은아,조은주,조은주,이순자,김시윤,최종률,이가경,김주형,한이원,이건수,이건창,이경민,김연정,김준석,강유나,강윤석,고경인,이규현,구본웅,김연희,차정민,이영석,이동희,이영아,김수란,이미지,김정중,한아름,김진문,이태건,김창조,한정화,이형직,김홍근,이유진,류철호,정우영,정우영,유순철,문지영,정민서,정민섭,유호연,신정근,윤지현,윤혜진,윤희철,최기범,정태인,이덕건,이창숙,최송이,최유라,김지안,장은총,장진경,장호정,서장현,오순태,오순태,장루이,임효성,채이설,김성준,강지혜,이승철,김시운,오진호"
186,악질경찰,2019-03-20,2256615278,0.001,2256615278,262233,262233,833,22785,한국,한국,"청년필름(주),다이스필름(주)",워너브러더스 코리아(주),청소년관람불가,"범죄,드라마",이정범,"이선균,전소니,박해준,송영창,박병은,김민재,남문철,정가람,이유영,권오상,오희준,윤지온,임철수,장영승,남태부,박소은,선욱현,송부건,송요셉,김문찬,안지현,양준석,염문경,염선식,유하나,오창경,윤선혜,이정철,임형국,이종혁,김인숙,이주한,허린,김정수,김정우,김호연,김효민,황보정일,최정운,김연주,권정민,권한솔,이도국,김곽경희,이창호,이화연,노희중,지화섭,김원식,문지홍,진우진,민대식,정영도,심영민,이한누리,이형구,이원,장태민,임종훈,양현진,박성희,송영섭,송용호,송재생,장율,한동원,황리한,한정훈,정재성"
187,미옥,2017-11-09,1930905564,0.001,1930905564,242737,242737,635,18143,한국,한국,(주)영화사 소중한,(주)키다리이엔티,청소년관람불가,"범죄,액션",이안규,"김혜수,이선균,이희준,최무성,김민석,오하늬,여이레,박상규,박주연,신지훈,이연,임용순,차순배,이서준,손상연,차래형,김연교,최현종,남성호,권율,김경민,박기륭,권범택,이도국"
188,명탐정 코난:감벽의 관,2018-02-14,1803389439,0.001,1803389439,242603,242603,487,8489,일본,일본,,(주)씨제이이엔,12세이상관람가,애니메이션,야마모 야스이치로,"김선혜,강수진,이현진,이용신,이정구,여민정,정선혜,우정신,황원,타카야마 미나미,야마구치 캇페이,야마자키 와카나,카미야 아키라"
189,아이 필 프리티,2018-06-06,2127094300,0.001,2127094300,240297,240297,213,11900,미국,미국,,(주)홈초이스,15세이상관람가,코미디,아비 콘,"에이미 슈머,미쉘 윌리엄스"
190,시카리오: 데이 오브 솔다도,2018-06-27,1938637400,0.001,1938637400,229542,229542,261,10977,미국,미국,,㈜코리아스크린,15세이상관람가,"액션,범죄,드라마",스테파노 솔리마,"조슈 브롤린,베니치오 델 토로,이사벨라 모너,캐서린 키너"
191,치즈인더트랩,2018-03-14,1890873700,0.001,1890873700,229005,229005,364,14710,한국,한국,(주)마운틴무브먼트스토리,(주)리틀빅픽쳐스,15세이상관람가,"멜로/로맨스,스릴러",김제영,"박해진,이채민,오연서,박기웅,유인영,오종혁,박산다라,문지윤,김현진,김도완,전준영,이석준,백경찬,이주영,이현석,박상연,박우준,박재환,박주리,김기호,김동규,이우동,고민시,이정혁,김강훈,이정빈"
192,메리 포핀스 리턴즈,2019-02-14,1816281960,0.001,1816281960,224160,224160,573,11128,미국,미국,,월트디즈니컴퍼니코리아 유한책임회사,전체관람가,"판타지,뮤지컬",롭 마샬,"에밀리 블런트,린-마누엘 미란다,벤 위쇼,에밀리 모티머,줄리 월터스,콜린 퍼스,메릴 스트립,딕 반 다이크,데이빗 워너,안젤라 랜스베리"
193,1급기밀,2018-01-24,1728645300,0.0,1728645300,218795,218795,512,11357,한국,한국,"(주)미인픽쳐스,(주)미디어모굴",(주)리틀빅픽쳐스,12세이상관람가,드라마,홍기,"김상경,김옥빈,최무성,최귀화,김병철,최고,이지원,서현우,이상철,이승훈,이윤혁,신윤정,김태민,유영호,최보연,김민정,김성진,김우진,김민기,권태원,김성민"
194,50가지 그림자: 해방,2018-02-21,1866384500,0.001,1866384500,217785,217785,213,10027,미국,미국,,유니버설픽쳐스인터내셔널 코리아(유),청소년관람불가,"드라마,멜로/로맨스,스릴러",제임스 폴리,"다코타 존슨,제이미 도넌"
195,속닥속닥,2018-07-13,1900914300,0.001,1900914300,217444,217444,314,8246,한국,한국,"(주)파이브데이,꿀잼컴퍼니(주)",(주)그노스,15세이상관람가,"공포(호러),미스터리",최상훈,"소주연,김민규,김영,김태민,최희진,박진,고나은,진용욱,이한서,이유미,윤지원,이동규,이동희,김정희,서기욱,이준혁,이지원,김지영,신은정,김현우,김형태,오원준,오혜진,전형주,정소연,박지연,박지혜,김진영,김민수,김민성,김수빈,김시은,김유진,신재승"
196,극장판 요괴워치: 하늘을 나는 고래와 더블세계다냥!,2017-09-27,1581375300,0.0,1581375300,215203,215203,486,6240,일본,일본,,(주)씨제이이엔,전체관람가,애니메이션,"우시로 신지,요코이 타케시","박경혜,홍범기,김현지,김가령,정유정,방연지,정혜옥,김율,강호철,신용우,이호산,김새해,임윤선,김정훈,정선혜,여윤미,김보영,김채하,한신,현경수,이미자,이수진,김신우,손수호,김지율"
197,벽 속에 숨은 마법시계,2018-10-31,1654715300,0.0,1654715300,215029,215029,609,14005,미국,미국,,CGV아트하우스,전체관람가,"판타지,공포(호러),미스터리,SF,스릴러",일라이 로스,"잭 블랙,케이트 블란쳇,오웬 바카로"
198,허리케인 하이스트,2018-03-14,1730262848,0.0,1730262848,214949,214949,544,16363,미국,미국,,(주)넥스트엔터테인먼트월드(NEW),15세이상관람가,"액션,범죄",롭 코헨,"토비 켑벨,매기 그레이스"
199,한 솔로: 스타워즈 스토리,2018-05-24,1964276778,0.001,1964276778,213980,213980,569,14818,미국,미국,,월트디즈니컴퍼니코리아 유한책임회사,12세이상관람가,"액션,SF", 하워드,"엘 이렌리치,에밀리아 클라크,폴 베타니,워 데이비스,우디 해럴슨,탠디 뉴튼,클린트 하워드"
200,어쌔신: 더 비기닝,2017-12-07,1595542000,0.0,1595542000,205544,205544,528,13441,미국,미국,,(주)이수C&E,15세이상관람가,액션,마이클 쿠에스타,"딜런 오브라이언,테일러 키취,마이클 키튼"
201,요로나의 저주,2019-04-17,1784935221,0.0,1784935221,202756,202756,620,18561,미국,미국,,워너브러더스 코리아(주),15세이상관람가,공포(호러),마이클 차베즈,"린다 카델리니,패트리시아 벨라즈퀘즈,레이몬드 크루즈,숀 패트릭 토마스"
202,어린 의뢰인,2019-05-22,1671674600,0.0,1671674600,202617,202617,671,17407,한국,한국,이스트드림시노펙스(주),롯데컬처웍스(주)롯데엔터테인먼트,12세이상관람가,"드라마,가족",장규성,"이동휘,정선희,유선,최명빈,이주원,고수희,서정연,원현준,이나라,정준원,이현균,이지훈,이로운,이봄,정희태,양희원,장정연,박미리,강지현,고경희,도한나,김가은,서병철,김나경,박준희,손광익,배진아,김명신,백승철,신영주,변주현,신정섭,신혜정,김보경,오규택,김보연,오정우,오준호,옥주리,최민정,장규성,이주열,허승,이준형,장한나,제승현,조덕현,김호정,전정일,김종선,정규연,김시영,김시윤,조태일,정민석,고유림,구순모,권방현,길상우,이동영,이동욱,이미영,한대훈,임용순,한동희,김주황,이헌주,조은혁,정시후,도건후,주소망,나주호,주은옥,남종수,원현준,한희정,김태윤,유이,민정기,차준희,민효경,윤성욱,신나라,정준원,정지웅,신아정,안귀령,이황의,박지서,전은미,전하늘,백연재,백우재,오효진,신미림,하윤서,한갑수,부진설,한예성,김성준,조셉"
203,비스트,2019-06-26,1582951940,0.0,1582951940,200394,200394,737,12277,한국,한국,(주)스튜디오앤뉴,(주)넥스트엔터테인먼트월드(NEW),15세이상관람가,"범죄,스릴러",이정호,"이성민,김수정,유재명,전혜진,최다니엘,김영성,문순주,이서환,권훈,김경덕,김경로,서영수,박재원,옥자연,김귀선,선율우,김대곤,김대근,김대한,박찬규,손지영,박혜숙,김만호,봉신주,봉신주,안성봉,양재훈,김상수,오진석,김은혜,이종원,정종호,이종현,고재경,최성환,정찬우,이준호,김호정,김홍파,홍준표,이송희,정명훈,강려원,이승재,조홍우,김지안,권경훈,김영경,권영조,길덕호,김만기,김민송,김병춘,이미정,임예은,김은환,김혁,한우리,김통령,조정웅,이유진,유병훈,진범일,김철환,박경용,윤은정,박빈,이종신,최문수,박세기,심완준,안시연,안시하,이재혁,이호균,이효빈,박일룡,임예슬,박태성,전우신,임진후,손찬성,장준녕,오창석,장민기,백인권,한규원,황승일,현오봉,이상희,박지수,이영호,이현"
204,언니,2019-01-01,1757528250,0.0,1757528250,198377,198377,530,11321,한국,한국,"필름에이픽쳐스,(유)조이앤시네마","(주)제이앤씨미디어그룹,TCO(주)더콘텐츠온",청소년관람불가,액션,임경택,"이시영,박세완,이준혁,최진호,강민범,류도하,민예지,박일우,선율우,성승주,성진,박지완,김대근,김대홍,박하랑,배소현,배우진,신철민,안세하,육효명,윤대근,오현진,윤송아,신철민,공민규,이상훈,홍성호,최원호,김호진,김정팔,이육헌,김준희,이고은,이금주,곽인준,국하은,태정,김기무,김예진,임용순,임주영,김채현,김원해,조원재,조정환,조정환,이형철,주인서,문수빈,김태윤,문의영,정다향,김원중,정온서,정우리,채화,이자은,정회동,이태광,최인순,배시진,전승희,서윤하,설정환,성유라,홍대영,김강산,정수현"
205,극장판 포켓몬스터 모두의 이야기,2018-12-19,1523609950,0.0,1523609950,194692,194692,493,5338,일본,일본,,(주)이수C&E,전체관람가,애니메이션,야지마 테츠오,
206,언더,2019-01-16,1489802830,0.0,1489802830,194024,194024,612,10752,한국,한국,(주)오돌또기,(주)넥스트엔터테인먼트월드(NEW),전체관람가,애니메이션,"오성윤,이춘백","도경수,박소담,박철민,강석,이준혁,연지원,전숙경,박중금,명순용,서승원,이지운,김정은,진양욱,탁원정,송정희,한신정"
207,업그레이드,2018-09-06,1743757800,0.0,1743757800,190387,190387,220,11549,미국,미국,,유니버설픽쳐스인터내셔널 코리아(유),15세이상관람가,액션,리 워넬,"로건 마샬-그린,해리슨 길벗슨"
208,런닝맨 : 풀룰루의 역습,2018-12-05,1427205750,0.0,1427205750,187777,187777,511,5535,한국,한국,(주)로커스,(주)넥스트엔터테인먼트월드(NEW),전체관람가,애니메이션,윤준상,"김서영,권창욱,엄상현,김연우,강시현,전태열"
209,우상,2019-03-20,1581839728,0.0,1581839728,183784,183784,900,18545,한국,한국,"리 공동체 영화사,(주)바른손",CGV아트하우스,15세이상관람가,스릴러,이수진,"한석규,설경구,천우희,김재화,현봉식,안다정,문순주,조병규,강말금,박경찬,강진경,강충훈,박민우,곽나연,민경진,민경진,권혁준,길창규,서주희,성도현,김동현,승의열,배진아,김명곤,신정섭,유광수,김병수,유승목,유승목,양희우,오누리,김서원,김선빈,김선중,김송일,이상민,정주현,이주원,최선규,이주현,최영경,장윤정,김재화,최유리,홍정희,조미초,김호,최윤정,김흥열,김수현,김희정,조대희,전진기,조윤정,이건창,주보라,이다슬,김영주,김미원,하민,이동훈,이영석,김성녀,김성모,김왕도,김술람,임정민,한다경,이예슬,이채,김지원,이우현,김정일,김종만,조영복,김향숙,김한준,김현룡,김혜화,김홍수,나라,명도진,원근수,주혜원,정우영,이윤희,이은,이인경,신동길,윤영섭,박기선,박명남,이강복,이지예,심은주,이한성,이순원,이순환,김윤호,안혜원,최은미,양현선,양현선,양지빈,박하은,오병남,임호경,설경구,백한영,임병열,홍주환,한석규,황민수,황주리,한우연"
210,극장판 도라에몽: 진구의 보물섬,2018-08-15,1375508400,0.0,1375508400,183220,183220,463,5488,일본,일본,,(주)이수C&E,전체관람가,"애니메이션,SF,어드벤처",이마이 카즈아키,"윤아영,김정아,조현정,최낙윤,이현주,임은정,김정은,이지현,이경태,강은애,박성영,이다은,손선영,김은연,정의한,김진홍,이승행,이창민,서반석,원에스더,미즈타 와사비,오오하라 메구미,카카즈 유미,키무라 스바루,세키 토모카즈,카네모 히사코,유키 아오이,야마시타 다이키,오리카사 후미코,오토모 류자부로,하야미 사오리,나가사와 마사미,오오이즈미 요"
211,유전,2018-06-07,1568929938,0.0,1568929938,178121,178121,422,9342,미국,미국,,(주)팝엔터테인먼트,15세이상관람가,공포(호러),아리 에스터,"토니 콜렛,가브리엘 번,알렉스 울프,밀리 샤피로"
212,채비,2017-11-09,1260533864,0.0,1260533864,177439,177439,480,9983,한국,한국,"(주)26컴퍼니,(주)영화사바른",오퍼스픽쳐스(유),12세이상관람가,드라마,조영준,"고두심,김성균,유선,박철민,김희정,신세경,마현,박세준,박소연,박소정,박지윤,송국진,양태열,유지연,한지호,이태규,김남언,장문규,김정환,현봉식,김영재,박성연,어성욱,박혜영,박재한"
213,자전차왕 엄복동,2019-02-27,1304861670,0.0,1304861670,172212,172212,624,11245,한국,한국,(주)셀트리온엔터테인먼트,(주)셀트리온엔터테인먼트,12세이상관람가,드라마,김유성,"정지훈,강소라,이범수,민효린,김희원,고창석,이시언,오민애,박진주,이정현,강덕중,강문봉,박근형,강인구,강희욱,강희중,고수희,박상원,박선주,구민혁,박성택,박영일,박용수,박재우,김규리,박태준,김동민,김동하,송재호,배창호,신철진,김민수,김병욱,김병철,유현식,오승희,윤병희,김수웅,임채선,최명빈,장근영,최석환,이서준,허유리,정혁진,김재열,이지민,김기범,조용현,김희진,이찬유,이지환,윤종구,정규민,정규호,조현수,이경영,고재성,김지성,최철수,구본규,권솔로,차순배,정석원,최환,기연호,김광오,채서원,이도용,김문학,김민건,김슬우,조두영,조무건,이창훈,김일우,김재선,김종재,이채원,이원종,김용진,노희국,김한울,조준,조준,이혜원,도용구,김태훈,우민제,한철우,주정원,문경현,노광규,김태현,이윤수,문두환,유영준,이으뜸,정동현,김원진,이은솔,유혁,차석호,차성제,왁스,박경화,김찬수,이장원,신수항,박병우,박병호,이정필,김진호,최대철,이정홍,최동익,최래선,정혜윤,김진우,이충구,박시후,안수민,이한들,이한위,이승로,이승로,이화랑,이영배,이영서,이예성,박정욱,박혜린,임지춘,염호정,전종헌,전해솔,서재홍,손지안,임형태,손한결,장도영,하재우,백태훈,박기범,홍성환,한성빈,황민우,한태일,함태인,김광수,윤대근,김문학,이승"
214,더 프레데터,2018-09-12,1502022014,0.0,1502022014,170878,170878,582,17579,미국,미국,,이십세기폭스코리아(주),청소년관람불가,"SF,액션,스릴러",쉐인 블랙,"올리비아 문,보이드 홀브룩,트레반트 로즈,스털링 K. 브라운,제이콥 트렘블레이"
215,극장판 도라에몽: 진구의 남극 꽁꽁 대모험,2017-08-10,1181952900,0.0,1181952900,167052,167052,351,4274,일본,일본,,(주)넥스트엔터테인먼트월드(NEW),전체관람가,"애니메이션,SF,가족,어드벤처",다카하시 아츠시,"미즈타 와사비,오오하라 메구미,카카즈 유미"
216,이프 온리,2004-10-29,1294610200,0.0,6815656200,162198,1021632,168,8859,미국,미국,"인터미디어필름,아웃로 프로덕션즈,테이피스트리 필름","와이드 릴리즈(주),(주)제이앤씨미디어그룹,유니코리아문예투자(주),(주)씨제이이엔","15세관람가,12세이상관람가","멜로/로맨스,판타지",길 정거,"제니퍼 러브 휴잇,폴 니콜스"
217,극장판 요괴워치 섀도사이드: 도깨비왕의 부활,2018-09-20,1205873200,0.0,1205873200,157689,157689,454,5398,일본,일본,,(주)씨제이이엔,전체관람가,애니메이션,우시로 신지,"여민정,김지율,홍범기,신용우,이호산"
218,아토믹 블론드,2017-08-30,1177725658,0.0,1177725658,155368,155368,471,12300,미국,미국,,(주)키다리이엔티,청소년관람불가,액션,데이빗 레이치,"샤를리즈 테론,제임스 맥어보이,소피아 부텔라,존 굿맨,토비 존스"
219,레 닌자 무비,2017-09-28,1149394400,0.0,1149394400,154966,154966,459,4751,미국,미국,,워너브러더스 코리아(주),전체관람가,"애니메이션,액션,코미디,어드벤처,가족",찰리 빈,
220,크레이지 리치 아시안,2018-10-25,1333313141,0.0,1333313141,154297,154297,531,12370,미국,미국,,워너브러더스 코리아(주),12세이상관람가,"멜로/로맨스,코미디",존 추,"콘스탄스 우,헨리 골딩,양자경,젬마 찬,아콰피나,니코 산토스,켄 정"
221,다운사이징,2018-01-11,1237574004,0.0,1237574004,150339,150339,511,8378,미국,미국,,롯데쇼핑㈜롯데엔터테인먼트,15세이상관람가,"드라마,코미디",알렉산더 페인,"맷 데이먼,크리스틴 위그,크리스토프 왈츠,제이슨 서디키스"
222,나를 기억해,2018-04-19,1230898892,0.0,1230898892,141222,141222,545,14322,한국,한국,(주)오아시스이엔티,(주)키다리이엔티,청소년관람불가,"미스터리,범죄,스릴러",이한욱,"이유영,김희원,오하늬,이학주,김다미,고규필,손강국,윤희정,이규현,이재혁,김준희,김태윤,김희원,장혁진,떠리삐에,이홍내"
223,빅샤크: 매직체인지,2018-06-27,1012627700,0.0,1012627700,138764,138764,414,4876,중국,중국,,와이드 릴리즈(주),전체관람가,애니메이션,헤 질리,"이제인,장병관,김사라,김한나,윤세웅,홍후백"
224,독전: 익스텐디드 컷,2018-07-18,845770600,0.0,845770600,137871,137871,398,5656,한국,한국,(주)용필름,(주)넥스트엔터테인먼트월드(NEW),15세이상관람가,"범죄,액션",이해영,"조진웅,류준열,김주혁,김성령,박해준,차승원"
225,해리포터와 비밀의 방,2002-12-13,1198151000,0.0,1198151000,137788,137788,33,2816,미국,미국,,워너브러더스 코리아(주),전체관람가,드라마,크리스 콜럼버스,"다니엘 래드클리프,엠마 왓슨,루퍼트 그린트"
226,0.0MHz,2019-05-29,1088258860,0.0,1088258860,137294,137294,446,5998,한국,한국,(주)제이엠컬쳐스,(주)스마일이엔티,15세이상관람가,공포(호러),유선동,"정은지,이성열,최윤영,신주환,정원창,박명신,남관효,박대희,노혜영,서진석,김대현,신승민,오규택,오세규,오제헌,김성우,김수진,이정수,이상찬,허현준,이성훈,김정연,홍주영,김호영,김정현,김효은,조승구,조용현,김승희,김승희,김시아,황지원,조지영,조지영,강성민,강태웅,이경환,구원회,최현욱,김진옥,김난희,김하니,김선정,김성채,한소연,이채린,김진효,이병수,조임원,노희성,한정원,이혜미,조창순,조희원,주민준,나소이,남정희,함사랑,김원식,정낙안,유희찬,정설리,정승필,윤수빈,김채민,윤영식,신하림,이태준,김진아,최원,양시열,서우린,임창록,서한별,홍의현,한소영,황연희,한정윤,한태규,신지혜,박선영"
227,극장판 에그엔젤 코코밍: 푸르밍과 두근두근 코코밍 세계,2017-09-07,1055895200,0.0,1055895200,137052,137052,232,4066,일본,일본,,(주)씨제이이엔,전체관람가,애니메이션,닛타 노리오,"이지현,여윤미,여민정,방연지,양정화,조현정,안영미"
228,로마의 휴일,2017-08-30,993321176,0.0,993321176,134827,134827,436,10999,한국,한국,(주)전망좋은 영화사,플러스 엔터테인먼트,15세이상관람가,"코미디,드라마",이덕희,"임창정,공형진,정상훈,지웅배,사우,박예슬,박우준,박은지,임성환,박준영,박준희,박찬영,박희진,장예찬,전혜수,정서영,정성목,조원빈,최지안,이보라,이석현,허나경,이자은,이재은,이정수,이정호,이종영,이주영,황윤성,김헌철,임병우,박찬영,배진웅,장광,박상훈"
229,명탐정 코난:전율의 악보,2019-02-14,890692400,0.0,890692400,116059,116059,213,3254,일본,일본,,(주)씨제이이엔,12세이상관람가,"애니메이션,미스터리",야마모 야스이치로,"타카야마 미나미,야마자키 와카나,카미야 아키라"
230,직쏘,2017-11-02,977950500,0.0,977950500,112237,112237,175,5753,미국,미국,,㈜코리아스크린,청소년관람불가,"공포(호러),스릴러,범죄","피터 스피어이그,마이클 스피어리그","토빈 벨,칼럼 키스 레니,클레 베넷,맷 패스모어,한나 에밀리 앤더슨,로라 밴더부트,폴 브라운스테인,만델라 반 피블스,브리터니 엘렌"
231,할로윈,2018-10-31,891158713,0.0,891158713,108780,108780,536,9836,미국,미국,,유니버설픽쳐스인터내셔널 코리아(유),청소년관람불가,공포(호러),데이빗 고 그린,"제이미 리 커티스,주디 그리어,윌 패튼,닉 캐슬"
232,레드 스패로,2018-02-28,860743700,0.0,860743700,108344,108344,389,6659,미국,미국,,이십세기폭스코리아(주),청소년관람불가,스릴러,프란시스 로렌스,"제니퍼 로렌스,조엘 에저튼,마티아스 쇼에나에츠,샬롯 램플링,메리-루이스 파커,제레미 아이언스"
233,로켓맨,2019-06-05,918686563,0.0,918686563,106764,106764,640,9851,영국,"영국,미국",,롯데컬처웍스(주)롯데엔터테인먼트,15세이상관람가,"드라마,판타지",덱스터 플레처,"태런 에저튼,리처드 매든,브라이스 달라스 하워드,제이미 벨"
234,미래의 미라이,2019-01-16,864747757,0.0,864747757,106521,106521,508,7511,일본,일본,,플러스 엔터테인먼트,전체관람가,애니메이션,호소다 마모루,"쿠로키 하루,카미시라이시 모카,야쿠쇼 코지,후쿠야마 마사하루"
235,공포의 묘지,2019-04-10,894409836,0.0,894409836,102826,102826,564,11578,미국,미국,,롯데컬처웍스(주)롯데엔터테인먼트,15세이상관람가,"공포(호러),스릴러","케빈 콜쉬,데니스 위드미어","제이슨 클락,존 리스고,에이미 세이메"
236,크게  놈,2019-04-18,781972420,0.0,781972420,102374,102374,447,7901,한국,한국,밀짚모자영화사(주),(주)영화사오원,15세이상관람가,드라마,강지은,"김해숙,전재진,손호준,남보라,박원상,김영민,박경근,박대웅,동방우,박성남,구혜령,박영일,박준기,김남훈,손영호,박찬규,김도율,김도훈,신상열,김문식,봉신주,봉신주,안세하,유동균,김병순,김상구,윤단비,김상철,김성균,김성현,윤병희,김세인,윤승훈,강도윤,김은주,이상수,이상우,이정환,이상진,이상현,김재경,이상훈,이서한,장세현,권일,장준현,장진영,김형종,김혜란,이성훈,전성훈,이수민,황성호,이지훈,최재영,이진오,최재옥,김승준,김종호,조정훈,강두섭,정민규,강신곤,고건호,고창술,곽희찬,최태영,권영은,금송현,태정,김근수,김영주,김바울,김병윤,김사훈,이동희,이동희,김성윤,김세울,김왕근,김왕용,조명행,김자홍,이우진,이원종,조용민,이원찬,김하종,김해연,이상규,주석제,우도호,나수윤,남기쁨,우영택,우정환,우정환,유소연,유영래,진소현,유종희,정세연,정윤석,정수한,정자영,윤지용,정지만,신영진,이계준,신중혁,정현민,신현욱,이단,정호빈,이대은,이도은,이득신,최선병,이무녕,박승배,이태하,안문혁,이석원,이섭정,최승일,이한터,최영현,안홍찬,최우빈,이시헌,이영식,이욱진,최익준,박준관,이은호,최재웅,오정환,백봉기,최한규,최홍현,전용진,전재진,오도현,손지훈,석영훈,오창민,송시현,송영윤,성빈,송지수,백진환,박광수,홍성광,홍성만,홍성찬,임동우,홍정인,한동호,한승혁,한승현,한승현,한양희,황지훈,한웅기,황희,황희준,한정호,서동민,홍도성,홍동균,홍석우,박장호,박인수,박선우,강기둥,이재현"
237,레이디 버드,2018-04-04,828329700,0.0,828329700,101781,101781,344,7258,미국,미국,,유니버설픽쳐스인터내셔널 코리아(유),15세이상관람가,"코미디,드라마",그레타 거,"시얼샤 로넌,로리 멧칼프,트레이시 렛"
238,옥자,2017-06-29,764341900,0.0,2442425900,101647,322656,93,4216,미국,미국,"플랜 비 엔터테인먼트,(주)루이스 픽쳐스",(주)넥스트엔터테인먼트월드(NEW),12세이상관람가,"어드벤처,액션,드라마",봉준호,"틸다 스윈튼,제이크 질렌할,폴 다노,안서현,변희봉,스티븐 연,릴리 콜린스,셜리 헨더슨,다니엘 헨셜,데본 보스틱,최우식,지안카를로 에스포지토,켈리 맥도날드,윤제문,최희서,이정은,이봉련,박근록,윤경호,안성봉,한이진,곽진석,윤정로"
239,라스트 미션,2019-03-14,837108639,0.0,837108639,101465,101465,472,8614,미국,미국,,워너브러더스 코리아(주),15세이상관람가,드라마,클린트 이스트우드,"클린트 이스트우드,타이사 파미가,브래들리 쿠퍼,마이클 페나"
240,기방도령,2019-07-10,776625210,0.0,776625210,101406,101406,625,5154,한국,한국,"주식회사 브레인샤워,(주)제이와이피픽쳐스",판씨네마(주),15세이상관람가,"코미디,사극",남대중,"이준호,정소민,최귀화,예지원,공명,장세아,조이현,김동영,이일화,이상희,나승용,남선중,고나희,김가빈,박정원,박정원,박정헌,설윤지,박지수,김문찬,신은수,신이지,김민지,유종연,오규택,오자훈,윤미영,김서경,오제근,옥영진,정재성,이정훈,정재훈,최민호,이주실,김인호,김장원,허성우,홍기호,최유리,백주희,김수한,조영지,이수연,이진,정기원,윤혜빈,김주현,정민규,조헌태,강승현,강영준,이승현,최지희,고재석,지대한,공현주,김연희,권다영,하민,김선도,이철민,이호연,김시혜,김아윤,한기업,임수지,임향주,이민영,이해인,한미령,이유나,김한,도연진,이유정,한지혜,왕수빈,한채리,우연화,남관규,남영진,남훈성,정우영,김우혁,유수아,유형준,이은정,민지율,왕나경,정연심,윤설아,윤욱,윤정혁,윤지욱,윤해주,이재왕,신우준,정태,김유진,이노아,심윤슬,심현,이하주,안성원,이화진,최지수,배정화,박채희,임조은,전노민,반필원,서은율,전지혜,임태풍,오성희,장대웅,하재숙,하지은,한희림,박태산,이솔,임향주"
241,게이트,2018-02-28,821271100,0.0,821271100,101381,101381,208,5474,한국,한국,삼삼공구 브라더스,(주)제이앤씨미디어그룹,15세이상관람가,"범죄,코미디",신재호,"정려원,임창정,정상훈,이경영,이문식,이세랑,윤송아,이수아,김지성,김보민,김보민,김연정,김도훈,김경룡,김미향,한이진,김종태,최윤슬,전정일"
242,미니특공대X,2018-03-22,746262200,0.0,746262200,100164,100164,458,5452,한국,한국,(주)에스에이엠지엔터테인먼트,(주)에스에이엠지엔터테인먼트,전체관람가,애니메이션,이영준,"엄상현,전태열,이소영,신용우,이민규,이소영"
합계,,,3586369392439,,8322906892795,430980506,1055452768,256824,11945983,,,,,,,,
